Country Name,"Population, total [SP.POP.TOTL]","Population, male (% of total population) [SP.POP.TOTL.MA.ZS]","Population, female (% of total population) [SP.POP.TOTL.FE.ZS]",Population growth (annual %) [SP.POP.GROW],Population density (people per sq. km of land area) [EN.POP.DNST],Population ages 0-14 (% of total population) [SP.POP.0014.TO.ZS],Population ages 15-64 (% of total population) [SP.POP.1564.TO.ZS],Population ages 65 and above (% of total population) [SP.POP.65UP.TO.ZS],Land area (sq. km) [AG.LND.TOTL.K2],GDP per capita (current US$) [NY.GDP.PCAP.CD],"Agriculture, forestry, and fishing, value added (% of GDP) [NV.AGR.TOTL.ZS]","Industry (including construction), value added (% of GDP) [NV.IND.TOTL.ZS]","Services, value added (% of GDP) [NV.SRV.TOTL.ZS]",Gross value added at basic prices (GVA) (current US$) [NY.GDP.FCST.CD],"Employers, total (% of total employment) (modeled ILO estimate) [SL.EMP.MPYR.ZS]",Employment in agriculture (% of total employment) (modeled ILO estimate) [SL.AGR.EMPL.ZS],Employment in industry (% of total employment) (modeled ILO estimate) [SL.IND.EMPL.ZS],Employment in services (% of total employment) (modeled ILO estimate) [SL.SRV.EMPL.ZS],"Employment to population ratio, 15+, total (%) (modeled ILO estimate) [SL.EMP.TOTL.SP.ZS]","Unemployment, total (% of total labor force) (modeled ILO estimate) [SL.UEM.TOTL.ZS]","Labor force, total [SL.TLF.TOTL.IN]","Labor force participation rate, total (% of total population ages 15-64) (modeled ILO estimate) [SL.TLF.ACTI.ZS]",Total natural resources rents (% of GDP) [NY.GDP.TOTL.RT.ZS],"Inflation, consumer prices (annual %) [FP.CPI.TOTL.ZG]","Inflation, GDP deflator (annual %) [NY.GDP.DEFL.KD.ZG]","Inflation, GDP deflator: linked series (annual %) [NY.GDP.DEFL.KD.ZG.AD]",GNI (current US$) [NY.GNP.MKTP.CD],"Foreign direct investment, net inflows (BoP, current US$) [BX.KLT.DINV.CD.WD]",Consumer price index (2010 = 100) [FP.CPI.TOTL],Export value index (2000 = 100) [TX.VAL.MRCH.XD.WD],Import value index (2000 = 100) [TM.VAL.MRCH.XD.WD],Region,Trade (% of GDP) [NE.TRD.GNFS.ZS]
Afghanistan,38041757,51.3376051479431,48.6623948520569,2.31307334941778,58.2693946634807,42.4722713889586,54.9119343971364,2.61579421390507,652860,507.103391875763,25.7739707394105,14.0581123697768,55.4728067408306,18385365425.3085,2.82999992370605,42.5,18.5499992370605,38.9599990844727,43.53,10.98,10701549,50.49,0.77395727295575,2.30237251516844,6.52147984507825,6.52147984507825,19598008726.2285,23404553.647249,149.895975208032,710.0617572,623.3544463,SouthernAsia,
Albania,2854191,50.9138943105883,49.0861056894117,-0.426007367032238,104.167554744526,17.399564097126,68.3978052821376,14.2026306207364,27400,5355.84779459031,18.4633799189155,20.2359624888842,48.5759175924794,13341430868.0501,3.0699999332428,36.4199981689453,20.1499996185303,43.4300003051758,53.41,11.47,1422089,69.61,1.59173188825137,1.41109078954248,0.477277009414109,0.477277009414109,15084875233.4985,1201022154.46645,119.049258384382,1038.611726,540.5527953,SouthernEurope,76.8541258217678
Algeria,43053054,50.5182884354731,49.4817115645269,1.93398334424168,18.0762954494212,30.5503786096104,62.8968435084768,6.55277788191286,2381741,3975.5089933335,12.3803742846933,37.4392387031716,46.2339010098736,157633284626.522,4.65000009536743,9.60000038146973,30.4200000762939,59.9900016784668,37.51,11.81,12716548,46.37,16.4240640597652,1.95176821052894,-0.910065689411226,-0.910065689411226,166956170572.149,1381269144.40103,151.361667767746,162.6030243,457.2469742,NorthernAfrica,52.0263555949345
Andorra,77146,,,0.179041785311253,164.140425531915,,,,470,40897.3308728669,,,,2832553453.48707,,,,,,,,,0,,1.37475350829189,1.37475350829189,,,,313.3716695,173.1415092,SouthernEurope,
Angola,31825299,49.472524987118,50.5274750128821,3.24291402840967,25.527632148873,46.6220250275763,51.17863322241,2.19934175001363,1246700,2809.62608839129,6.66070380425936,49.986772065329,38.8503462339698,85179841995.8238,4.80999994277954,50.7299995422363,6.80000019073486,42.4700012207031,72.07,6.93,13155275,77.93,26.1942673738873,17.0812152138993,28.0906771592866,28.0906771592866,81900890781.2989,-4098478747.63755,378.883721459389,438.3987046,464.7058683,MiddleAfrica,64.2885787245042
Antigua and Barbuda,97115,48.2428049219997,51.7571950780003,0.861445783881833,220.715909090909,21.9547354764307,68.9903004592352,9.05496406433411,440,17113.3497705088,1.76007844360751,21.5708778107102,66.2552091458115,1463544444.44444,,,,,,,,,0,1.43135598182989,0.169555987636485,0.169555987636485,1555907463.40076,139466666.6667,115.436612610656,71.92307692,168.8041769,Caribbean,141.555080148007
Argentina,44938712,48.7741977984923,51.2258022015077,0.993397493293046,16.4208266190179,24.5955258782711,64.1613658498285,11.2431082719004,2736690,9912.28180859863,6.088397130802,23.4098534223297,54.3334016942752,373424052120.653,3.78999996185303,0.0599999986588955,21.8400001525879,78.0999984741211,55.55,9.84,20877041,69.37,2.07118408606953,,50.6225683967961,50.6225683967961,427609245335.726,6663062111.95629,,247.2039786,195.2929951,SouthAmerica,32.6276437330845
Armenia,2957728,47.0384362591827,52.9615637408173,0.202624027586126,103.889286968739,20.7659520084822,67.7503802746092,11.4836677169087,28470,4622.73818208855,11.9883560296292,24.2874002052175,54.2338376614097,12121772498.044,0.899999976158142,24.0499992370605,24.75,51.2000007629395,42.97,18.81,1240429,61.55,2.11066889665212,1.44344660770702,1.46271392892625,1.46271392892625,13900535495.7309,254077251.672277,129.176007326748,897.4507138,625.2182787,WesternAsia,95.7371808943261
Aruba,106310,47.4489699934155,52.5510300065845,0.437414675818993,590.611111111111,17.6204450966006,68.3211994657336,14.0583554376658,180,,,,,,,,,,,,,,,4.25746204335428,,,,-75226540.6843182,109.534355432857,5.179590413,46.51691765,Caribbean,
Australia,25365745,49.8004658138649,50.1995341861351,1.52165367749095,3.29767018286484,19.2754467111674,64.8033515429272,15.9212017459054,7692020,55057.2046960666,2.12159698465698,25.3824487371203,66.0302251264928,1306268774138.18,5.96999979019165,2.55999994277954,19.0599994659424,78.379997253418,62.53,5.16,13500080,78.51,5.35585560534643,1.61076787290379,3.39810447050677,3.39810447050677,1352020454870.55,39897440702.6864,119.797086368366,424.3045207,309.7546926,Oceania,45.7104594710859
Austria,8879920,49.2387138156234,50.7612861843766,0.444673639004876,107.609306834707,14.361857631549,66.5625360827828,19.0756062856682,82520,50121.5542131186,1.08562333151095,25.5242529163282,62.7716919422153,397815364718.901,4.78999996185303,3.66000008583069,25.3600006103516,70.9899978637695,58.05,4.49,4622075,76.86,0.132720136514683,1.53089564152645,1.72610686092094,1.72610686092094,447294996188.235,-8100275768.26291,118.057980056249,264.5264523,255.8428154,WesternEurope,107.779781982421
Azerbaijan,10024283,49.9201261500247,50.0798738499753,0.846646726414021,121.280071139933,23.4419198468747,70.11169103273,6.4463891203953,82654,4805.75371765917,5.69538024963307,48.8232665251868,36.972533524144,43843352941.1765,13.6899995803833,36,14.789999961853,49.2200012207031,63.28,4.84,5103475,72.04,25.4608376363194,2.61057182799216,-0.221986546951399,-0.221986546951399,46113221294.1176,1503918000,156.891564325,1117.47851,1023.890785,WesternAsia,85.8181454084561
Bahamas,389486,48.58454475899,51.4154552410099,0.993659489537656,38.9096903096903,22.0757313560062,70.4409959895451,7.48327265444873,10010,34863.3840497476,0.597990985948685,12.8884732082364,71.1682917489027,11495100000,5.88000011444092,2.20000004768372,14.4799995422363,83.3099975585938,67.97,10.11,229479,81.46,0.0112698591771594,2.49123527368055,3.02038182602324,3.02038182602324,13114074100,264596251.69575,116.218911182281,113.5092898,143.0603781,Caribbean,75.9198161840516
Bahrain,1641164,64.2712733157686,35.7287266842314,4.4686878342058,2104.05641025641,18.718696151287,78.7624941200557,2.51880972865733,780,23443.4348283266,0.282447212233573,42.2739005227278,55.0606853665247,37662127659.5745,1.63999998569489,0.939999997615814,35.25,63.810001373291,72.44,1.56,981661,75.09,3.7988196713609,1.00582004702132,0.18969062791156,0.18969062791156,36313430851.0638,941755319.1489,118.772111860491,292.5166537,251.4171706,WesternAsia,142.359339767544
Bangladesh,163046173,50.5830891228585,49.4169108771415,1.02919664944804,1252.56336329415,27.2143653845367,67.6052832669884,5.18035134847486,130170,1855.6915096678,12.6802716368639,29.6486788149504,52.849325301184,287974626151.653,5.40999984741211,38.2999992370605,21.3199996948242,40.3800010681152,56.62,4.22,70160182,61.54,0.453838329428306,5.59199639930633,4.4589512526022,4.4589512526022,316899147223.538,1908045387.02685,179.679821747048,615.7044921,665.2471012,SouthernAsia,36.7592997489934
Barbados,287021,48.3633601722522,51.6366398277478,0.132831081778268,667.490697674419,17.0504311471126,66.7185785210348,16.2309903318526,430,18148.4978451054,,,,4372104250,0.800000011920929,2.65000009536743,18.9300003051758,78.4199981689453,58.7,10.1,155468,77.73,0.270213690853897,4.10028964518463,2.50688134797679,2.50688134797679,5030074650,215370000,134.091174070188,163.0688452,136.7497946,Caribbean,83.6916711460933
Belarus,9417849,46.5480598649508,53.4519401350492,-0.694662243115478,46.3979160508424,17.0363201515465,67.7628384969718,15.2008413514816,202980,6839.10383292452,6.79466882799274,31.737128716913,48.426692673832,56009656754.9479,0.879999995231628,11.0600004196167,30.3799991607666,58.560001373291,61.04,4.71,5005260,78.06,1.77303183160313,5.59815595039853,8.62673264496581,8.62673264496581,62539904818.8163,1273300000,508.339294380209,449.8798864,456.6167796,EasternEurope,130.850406102184
Belgium,11488980,49.4957764430955,50.5042235569044,0.540461327098122,379.424702774108,17.0582030426729,63.935230890395,19.0065660669321,30280,46414.4352334354,0.626060683926477,19.1114145335426,69.5030855877984,475779129510.587,3.64000010490417,0.920000016689301,20.8400001525879,78.2399978637695,51.02,5.36,5137174,69.06,0.0163513103797592,1.43681956996435,1.65546895342858,1.65546895342858,539738514469.019,-28965673807.8192,117.110457187971,236.6497299,240.6886211,WesternEurope,163.009222754331
Belize,390351,49.7708472631042,50.2291527368958,1.88259837762914,17.1131521262604,29.704395764859,65.4282149746512,4.86738926048986,22810,5078.80994441772,8.9679707256406,12.8509461508856,64.3999929100507,1648605286.91897,3.15000009536743,16.7999992370605,15.5900001525879,67.6100006103516,61.02,6.46,178991,67.71,1.52239627870933,,1.6866287668005,1.6866287668005,1824218540.6134,93910241.7033733,,236.0454872,188.046219,CentralAmerica,110.022795949125
Benin,11801151,49.9210288894702,50.0789711105298,2.71521854979345,104.65724547712,42.2055187667711,54.5295963080211,3.26488492520772,112760,1219.51547853535,26.8758016258337,16.3125612015902,48.0268213377537,13127403171.2591,1.33000004291534,38.2700004577637,18.3099994659424,43.4199981689453,69.12,2.32,4826125,71.66,2.03343438067513,-0.70502663454275,-0.317730867061044,-0.317730867061044,14248201879.9835,218207871.715646,110.720040198148,857.8486061,671.5048518,WesternAfrica,63.68133231423
Bermuda,63913,,,-0.00938732086552398,1183.57407407407,,,,54,117098.446325474,0.219090759319107,6.38516548320422,89.1670529293184,7167634000,,,,,,,,,0,,3.12171387033864,3.12171387033864,7587978000,4389826.5,,31.37254902,160.2225313,NorthernAmerica,75.8610539418633
Bhutan,763094,53.0776024972022,46.9223975027978,1.14637925209774,20.00770844258,25.3401948913106,68.5668307360056,6.09297437268377,38140,3316.16702210577,15.8160219288359,36.131743608331,43.3552360191017,2411687396.95798,0.100000001490116,55.7799987792969,10.1499996185303,34.060001373291,65.74,2.27,383196,70.04,2.19549125756858,2.72582104307304,0.973225144012162,0.973225144012162,2300999285.71733,13011377.2857268,167.182458685409,576.6757282,560.1718037,SouthernAsia,84.3588359248042
Bolivia (Plurinational State of),11513102,50.2002935438251,49.7997064561749,1.39913335536684,10.6278057786393,30.6252616584586,62.0361066958508,7.33863164569056,1083300,3552.06814383653,12.2217575824891,25.2102745511952,50.7199151225106,34208221230.1013,4.94999980926514,30.5400009155273,19.4099998474121,50.0499992370605,69.61,3.46,5758760,74.21,3.88790500859459,1.83954504969032,-0.693003271755344,-0.693003271755344,40056391416.7353,-216636843.1305,148.317518475358,712.2183895,534.7244509,SouthAmerica,56.3973067281247
Bosnia and Herzegovina,3300998,48.9790966247177,51.0209033752823,-0.692266996375143,64.4726171875,14.6937594668282,68.1050893668585,17.2011511663132,51200,6120.11262579357,5.60309353941517,23.9642549619002,55.7305876355886,16766466716.2727,5.82000017166138,17.9599990844727,31.7099990844727,50.3300018310547,40.01,15.69,1336172,57.74,0.989039912881649,0.562782154061303,2.63114034262723,2.63114034262723,20190230667.9641,390210690.893359,104.896137350469,615.3447219,350.8280317,SouthernEurope,95.6711532877951
Botswana,2303703,48.3619633260017,51.6380366739983,2.1781688165261,4.06490392250278,33.7649873225515,61.8691173361775,4.36589534127101,566730,7970.79696800641,1.94698290352683,28.2073331180043,60.7238394864526,16687361503.9188,2.28999996185303,19.8999996185303,17.6200008392334,62.4900016784668,58.41,17.21,1076493,73.05,0.657050778909288,2.7728644286333,0.702609371626878,0.702609371626878,16968862019.9146,260928016.920997,149.753698758867,195.6183472,315.4071359,SouthernAfrica,75.6956373355695
Brazil,211049519,49.1510999368826,50.8489000631174,0.751550842096973,25.2507757706858,21.0091937329952,69.7391982309441,9.25160803606065,8358140,8897.48777044292,4.40176323545758,18.4088426878827,63.1855656061928,1614845150842.94,4.75,9.07999992370605,19.9899997711182,70.9400024414063,56.76,11.93,107461083,70.93,3.46523055505897,3.73297621216894,4.28050511900344,4.28050511900344,1827512816466.85,69174411753.43,167.397860280061,408.9041735,314.3930072,SouthAmerica,28.4559373152372
Brunei Darussalam,433296,51.923396477235,48.076603522765,1.00574227362596,82.2193548387097,22.6165226121375,72.1746656357824,5.20881175208004,5270,31085.9618860822,0.98605510232603,62.5153213988607,38.1775985851735,13695571196.8543,2.71000003814697,1.95000004768372,20.7600002288818,77.2799987792969,60.24,6.92,217006,68.53,22.2125929830096,-0.390522069165492,-3.33576804035044,-3.33576804035044,13830513707.6675,373256767.246304,99.0268165721066,180.3598186,460.9461608,South-easternAsia,108.509658352264
Bulgaria,6975761,48.5713881639407,51.4286118360593,-0.703905641117455,64.2571941783346,14.6853789199869,64.0616538090281,21.252967270985,108560,9828.14851478139,3.23649259323424,21.6187831488513,61.4613051019748,59177625071.5512,3.54999995231628,6.61999988555908,30.0200004577637,63.3600006103516,54.35,4.23,3377388,73.37,0.396919025831329,3.10372944796774,5.25021904053116,5.25021904053116,67445642243.8466,2075750000,114.418393160353,686.4236228,568.126485,EasternEurope,125.172532869676
Burkina Faso,20321383,49.9364339523545,50.0635660476455,2.8445964977375,74.2740606725146,44.6778215532431,52.9148909094649,2.40728753729201,273600,786.895437677452,20.1736647765288,25.5796638070783,44.5284566827977,14436782941.4365,0.680000007152557,26.2099990844727,25.1599998474121,48.6399993896484,63.39,4.62,7472712,67.79,4.1867093331433,-3.23338933983321,-0.632603927223556,-0.632603927223556,15326472487.9717,162970140.263612,108.359022934413,1622.696378,855.9240583,WesternAfrica,56.7252602906424
Burundi,11530577,49.5984546133294,50.4015453866706,3.1289321480628,449.010007788162,45.4006476690678,52.2872570156922,2.31209531524,25680,261.24529116164,28.8975583833274,10.9561343078757,47.9445946931757,2644755664.98669,1.23000001907349,86.2099990844727,3.34999990463257,10.4499998092651,78.09,1.42,4987390,80,9.21270911419036,-0.686772170797229,0.822247025415351,0.822247025415351,3019513461.38506,1044960.5011,182.112339994344,359.6963135,600.0071506,EasternAfrica,41.857360239639
Cabo Verde,549936,50.1942044165139,49.8057955834861,1.12865786215008,136.460545905707,28.4064480347677,66.8951785210979,4.69837344413431,4030,3603.77524058462,4.63290603790788,19.6057641486942,61.3864124770018,1696957053.74475,4.32999992370605,10.6000003814697,21.7999992370605,67.5999984741211,53.1,12.07,237728,63.89,0.314361652431474,1.10750930553813,0.562980597096782,0.562980597096782,1939454972.42505,107810523.886549,110.501606515952,560.769245,346.0488581,WesternAfrica,115.907155590446
Cambodia,16486542,48.8117156405509,51.1882843594491,1.44641184190217,93.3975866757308,31.0991959381173,64.1830348656498,4.7177691962329,176520,1643.12138876475,20.7118706884342,34.2260507178166,38.8482503467439,25063606382.4302,0.109999999403954,34.5299987792969,27.9099998474121,37.560001373291,81.94,0.13,9319219,84.9,0.683881414598111,,3.23537176916393,3.23537176916393,25525556830.0006,3663032999.47048,,1057.968971,1070.397214,South-easternAsia,123.556523768369
Cameroon,25876387,50.0067030223346,49.9932969776654,2.58417898206639,54.7405110955977,42.3621310245096,54.9142190677367,2.72364990775371,472710,1507.44979812212,14.5076635415224,26.0373799192976,51.4954645489065,35902567113.4353,3.08999991416931,43.4900016784668,14.4200000762939,42.0900001525879,73.59,3.32,11351501,76.9,5.5344390062532,2.45280214062733,2.52388100364547,2.52388100364547,38259800549.9129,1024779237.90889,118.648588290011,242.46774,380.8759902,MiddleAfrica,44.8677212238389
Canada,37593384,49.6204836658101,50.3795163341899,1.41501469953534,4.19307418697487,15.8458997418597,66.506203368219,17.6478968899213,8965590,46326.6726375572,,,,1622884211361.24,4.3899998664856,1.50999999046326,19.25,79.2399978637695,61.86,5.66,20743970,79.04,1.89503794904271,1.94926902411596,1.67257919414799,1.67257919414799,1719248124234.35,45087716089.8033,116.75729822553,161.54927,189.4216486,NorthernAmerica,65.4288375184792
Cayman Islands,64948,,,1.20199712360386,270.616666666667,,,,240,91392.6425875166,,,,,,,,,,,,,,,3.52911976102538,3.52911976102538,4493181807.27229,984919518.271685,,297.2972973,172.9323308,Caribbean,
Central African Republic,4745179,49.5655274542857,50.4344725457143,1.67466162763351,7.61690423448586,43.9200157633475,53.2651940862158,2.81479015043671,622980,467.908021751942,31.4907374634526,20.5211544373415,41.1669599063062,2068856978.16159,0.860000014305115,69.8499984741211,6.26000022888184,23.8899993896484,68.91,4.04,1910933,72.48,8.34947014490378,2.68537355266785,2.38134831702081,2.38134831702081,2386023467.98619,25601157.4181,151.785085312376,95.49988862,526.7457631,MiddleAfrica,52.2015999980344
Chad,15946882,49.9189872979558,50.0810127020442,2.98613014725798,12.6642963786531,46.8209447417789,50.687413635122,2.4916416230991,1259200,709.54004317463,42.5944491240908,14.2700509702467,40.467352937889,11013051982.2977,0.360000014305115,75.0599975585938,1.87999999523163,23.0599994659424,69.24,1.91,5986315,70.72,21.1228633892769,-0.971939175419353,2.85603411987745,2.85603411987745,11140998595.3498,566638950.8536,117.698204738763,1429.25303,652.0330035,MiddleAfrica,74.5705255558558
Channel Islands,172264,49.4903171875726,50.5096828124274,1.03163477664924,870.020202020202,15.0674275364422,67.3311699243581,17.6014025391997,198,,,,,,4.46999979019165,2.61999988555908,24.6399993896484,72.7300033569336,54.53,7.11,85883,72.68,,,,,,,,,,NorthernEurope,
Chile,18952035,49.2916670953805,50.7083329046195,1.18293256569455,25.4891988508901,19.4942728586762,68.624187013555,11.8815401277688,743532,14741.7144039954,3.61087939063254,29.108912514608,58.7763897455667,255627053006.598,4.17999982833862,8.97999954223633,22.25,68.7799987792969,57.81,7.29,9514561,68.9,2.30010999230253,2.55754475703323,1.94987728916749,1.94987728916749,269285900902.038,12586607704.3638,131.913566974844,363.8094918,377.1590298,SouthAmerica,56.8744630049789
China,1397715000,51.3065020270854,48.6934979729146,0.357291063115687,148.303348639245,17.8045083433876,70.7232986329292,11.4721930236832,9424702.9,10216.6303341031,7.14369124773749,38.5874034176057,54.2689053346568,,2.10999989509583,25.3299999237061,27.4200000762939,47.25,65.1,4.6,783981188,75.88,1.2550546774119,2.89923416358227,1.28745207725503,1.28745207725503,14246120664698,187169822364.755,125.083154382075,1002.980301,923.6287685,EasternAsia,35.8374138163305
Colombia,50339443,49.0930998183671,50.9069001816329,1.35678804331132,45.3712870662461,22.6207846598541,68.6133853328492,8.76583000729666,1109500,6424.9794924083,6.39230849697349,26.0532513318486,58.1044161870629,292865686858.173,3.65000009536743,15.7700004577637,20.1200008392334,64.1100006103516,61.05,9.96,26413532,72.86,4.51731246009706,3.52549273618952,4.01071949388594,4.01071949388594,316298770104.506,14313590447.1196,140.950373942025,302.5340028,456.7545545,SouthAmerica,37.5213336110276
Comoros,850891,50.442418594156,49.557581405844,2.20646505841421,457.22246104245,39.285873783327,57.658722790127,3.05540342654598,1861,1370.14012347374,33.0715752230732,8.85391147203463,53.3187207772605,,0.850000023841858,34.3800010681152,18.8299999237061,46.7900009155273,42.03,7.7,235265,46.56,1.23493262321924,,2.32363824998507,2.32363824998507,1170987089.51416,3677361.42116272,,361.8333702,519.0332719,EasternAfrica,42.0756671906187
Democratic Republic of the Congo,86790568,49.9122243329483,50.0877756670518,3.18708626507603,38.2834820581813,46.0013989769188,50.9816614056687,3.01693961741257,2267050,580.716860516731,19.9652338878735,40.7337398440814,35.3700860965261,47917695448.0813,2.17000007629395,64.3000030517578,9.84000015258789,25.8600006103516,60.96,4.13,29801894,64.07,10.8132453694719,,4.70494964261803,4.70494964261803,48961721243.9481,1350994226.20535,,843.0448797,908.0257762,MiddleAfrica,63.173840802806
Congo,5380504,49.9462132172005,50.0537867827995,2.56282646096789,15.7555021961933,41.5372488991746,55.7413352047799,2.7214158960455,341500,2359.17730900034,7.67969446282036,48.0054492538455,40.4735291677291,12205961672.3359,1.05999994277954,33.5299987792969,21.4699993133545,44.9900016784668,62.73,9.6,2182726,70.33,47.8686776903141,2.20607305781522,-2.08158038935522,-2.08158038935522,9960575265.69735,3366085029.42,124.740496075729,288.6092736,668.5560957,MiddleAfrica,127.523460745823
Costa Rica,5047561,49.9754039624286,50.0245960375714,0.957865009385917,98.8554837446142,21.0786358005381,69.0409288763425,9.88043532311942,51060,12669.7060822563,4.1499948112757,19.1090997046999,69.2636050788346,59169297373.4136,3.35999989509583,11.9700002670288,18.7999992370605,69.2200012207031,57.06,11.49,2568229,71.15,0.753766206127281,2.09604635327805,2.21058391188411,2.21058391188411,60211825545.3055,2505080214.65076,128.845743336848,201.7713887,252.7609456,CentralAmerica,65.1194627700002
Cote d'Ivoire,25716554,50.4507952348515,49.5492047651485,2.54938709160815,80.8696666666667,41.7147031887333,55.4121774683255,2.87311934294126,318000,2276.3323939018,20.671221079934,21.1872727204344,43.1118666133044,54724852409.325,1.62999999523163,40.1500015258789,12.8599996566772,46.9900016784668,51.99,3.17,8047578,54.56,2.48289544610238,-1.10686343994202,0.200492126867886,0.200492126867886,56975603680.0811,848881139.442877,111.606977877028,324.1145141,422.3108212,WesternAfrica,46.4009144551692
Croatia,4065253,48.1808944098236,51.8191055901764,-0.554146739042888,71.8369499911645,14.5622210859055,64.5776436794967,20.8601352345977,56590,14944.3562248936,2.92000602707201,20.2611558492511,58.7587191761658,49780599143.502,4.92000007629395,6.19000005722046,27.6700000762939,66.1399993896484,48.07,6.62,1788035,66.99,0.688530832437189,0.771820346498083,1.49915482224654,1.49915482224654,59830033764.084,1170052265.37469,109.815676449535,387.6807406,357.0715512,SouthernEurope,104.170991548139
Cuba,11333484,49.6575280822737,50.3424719177263,-0.0411262892496893,109.185780346821,16.0423499113203,68.3926909318168,15.5649591568629,103800,9099.67314552171,,,,,5.6100001335144,17.3999996185303,17.1100006103516,65.4899978637695,52.62,1.67,5092603,64.29,,,3.30409345862211,3.30409345862211,,,,126.4916468,220.9264478,Caribbean,
Curacao,157441,45.9445732852781,54.0554267147219,-1.19643951751799,354.596846846847,18.4942236146466,64.336939494811,17.1688368905424,444,19701.270377457,,,,,,,,,,,,,0,2.62220783425056,2.65520328343835,2.65520328343835,3234078212.2905,67780648.8547486,115.533202128435,,,Caribbean,
Cyprus,1198574,50.0008343247893,49.9991656752107,0.779957016025289,129.715800865801,16.7070896689819,69.2446446822268,14.0482656487913,9240,28288.4615757198,1.73589087809037,12.7079912056356,72.76547314578,21757918952.1997,1.94000005722046,2.41000008583069,18.4400005340576,79.1600036621094,59.27,7.07,636733,74.84,0.000985649396075146,0.250370996758456,0.884642379393497,0.884642379393497,23946675249.0765,25930367780.0521,102.510991917283,363.8235659,238.3328401,WesternAsia,144.815363216225
Czechia,10671870,49.2143621798911,50.7856378201089,0.393788864202175,138.236658031088,15.7229501266184,64.4763050287444,19.8007448446372,77200,23490.3984633494,1.93659377905495,31.4566244636929,56.8806038820242,226250803998.735,3.02999997138977,2.66000008583069,37.25,60.0900001525879,59.29,2.01,5441332,76.86,0.422121079684036,2.84787595918047,3.86609830037501,3.86609830037501,235270023656.641,10752120870.768,116.47554201756,683.5836658,559.5625564,EasternEurope,142.7623306061
Denmark,5814422,49.7181766000904,50.2818233999096,0.358130915892652,145.36055,16.4009587177549,63.6337821533242,19.965259128921,40000,60213.0921454746,1.32810461688818,21.1196289349155,64.8180516879127,305521290689.572,3.40000009536743,2.22000002861023,18.5499992370605,79.2300033569336,59.09,5.02,3023904,79.01,0.477512026417127,0.758131572511619,0.74332840799984,0.74332840799984,360446546583.535,-7499269283.381,110.347290420498,216.5096202,215.2597222,NorthernEurope,109.29243155125
Djibouti,973557,52.585210727261,47.414789272739,1.51455950269865,41.9998705780846,29.2049796622704,66.1859566950162,4.60906364271334,23180,3414.93539272302,1.2717185632999,15.9377781990136,76.4016152890562,3112232725.63583,0.839999973773956,24.5499992370605,13.4399995803833,62,53.55,10.97,414572,63.7,0.287104946449715,3.31925372703833,2.39311233758737,2.39311233758737,3230790006.75219,175000000,120.250922373372,11412.18377,1909.586541,EasternAfrica,296.138780003182
Dominica,71808,,,0.253775391715059,95.744,,,,750,8001.99709513435,11.8328778425205,15.5455576754499,53.4451864074666,456392592.592593,,,,,,,,,0.0317053416059665,1.50462353858147,0.783993676347876,0.783993676347876,564719376.97287,32551851.8519,105.43247529016,33.89719797,198.2518283,Caribbean,110.193278502552
Dominican Republic,10738957,49.9694523406696,50.0305476593304,1.04662057856427,222.292630925274,27.7086938974899,64.9929164449661,7.29838965754406,48310,8282.11713050921,5.22728892621582,29.0773366472454,58.2948206914116,82359151054.0034,3.20000004768372,8.77999973297119,18.8199996948242,72.4000015258789,62.71,6.36,5199103,71.05,0.358710939255602,1.8106037704296,2.52561865647056,2.52561865647056,84871455782.1538,2829200000,132.172234898705,195.5481959,214.0310159,Caribbean,51.0111449209557
Ecuador,17373657,50.0210577427654,49.9789422572346,1.67917269268893,69.9535231116122,27.7069681682538,64.9208324646813,7.37219936706493,248360,6222.52465327248,8.80053114288692,32.7023208798527,51.8034422408057,100871577000,2.82999992370605,29.7399997711182,17.2099990844727,53.0400009155273,65.25,3.81,8519410,70.96,6.95500617776621,0.266012515466136,0.495450027557041,0.495450027557041,105079773200,961608329.513025,124.142674729473,453.2384047,606.3848934,SouthAmerica,46.0768211909258
Egypt,100388076,50.5265177111274,49.4734822888726,1.97628022437557,100.846929529359,33.8348301595549,60.8888368641163,5.27633297632877,995450,3019.09228346646,11.0489750286541,35.6234456323632,50.4716991413164,294425233485.194,12.4499998092651,20.6200008392334,26.9400005340576,52.439998626709,40.47,9.73,29776956,47.87,4.97845727175021,9.15279959324812,13.6225675699873,13.6225675699873,292071265603.645,9010100000,288.572774376263,549.5273019,486.467647,NorthernAfrica,43.24045019823
El Salvador,6453550,46.8479054163987,53.1520945836013,0.509699113997832,311.464768339768,26.8584452626328,64.6719721678895,8.46958256947762,20720,4167.73093878563,4.86781630135489,25.2298984334858,60.3843376835637,24336680000,4.53000020980835,16.2900009155273,22.5100002288818,61.2000007629395,56.78,3.96,2790598,63.15,0.557280810346512,0.0753241350024327,0.711894748671355,0.711894748671355,25559270000,696287032.758767,111.228352310936,202.0846651,242.9262179,CentralAmerica,75.9767941447005
Equatorial Guinea,1355982,55.5924046189404,44.4075953810596,3.52884025293578,48.3416042780749,36.9567974890596,60.6186937033273,2.42450880761306,28050,8419.9333361253,2.43041755808522,53.0364749200023,44.3421219039691,11282344585.4305,8.80000019073486,39.5099983215332,19.3500003814697,41.1399993896484,57.03,7.95,529668,63.19,30.9101533121009,1.23869860205109,-2.19644346528756,-2.19644346528756,8329916823.55915,452287114.3862,124.346722780622,474.0200547,598.6696231,MiddleAfrica,94.5057559529936
Estonia,1326898,47.2693752267757,52.7306247732243,0.371554389037477,30.5244536461928,16.4632692841539,63.544922935802,19.9918077800442,43470,23717.7994512337,2.4930042404439,22.0384487450319,62.4782377960292,27382907366.5333,4.55000019073486,3.17000007629395,28.7000007629395,68.129997253418,60.68,4.45,703864,78.9,1.14260796788975,2.27725931243518,3.22695343644259,3.22695343644259,30759017473.7254,2962634485.84416,122.14231282149,420.5224449,356.6518274,NorthernEurope,141.806026645834
Eswatini,1148133,49.0178402676345,50.9821597323655,1.03826564467004,66.7519186046512,37.831430238736,58.1537804952401,4.01478926602388,17200,3894.66963029858,8.45458513203926,34.093549220305,52.0796525347608,4156591764.70588,2.1800000667572,12.1499996185303,23.3899993896484,64.4599990844727,40.78,22.24,374305,54.71,2.96641515864496,2.59801620311075,2.30827766483952,2.30827766483952,4018702283.73702,127970921.965401,166.821866435163,223.6713877,170.3981688,SouthernAfrica,89.0922606880238
Ethiopia,112078727,50.0264497115496,49.9735502884504,2.57969708764895,99.2461598282101,40.3364411784466,56.1468683665491,3.51669045500426,1129300.39,855.760885186903,33.521071998115,24.8223675100372,37.1475828867108,90473155534.6436,0.46000000834465,66.629997253418,9.31999969482422,24.0499992370605,77.67,2.04,53021347,81.34,4.37571530540828,15.840322039584,12.8603968185939,12.8603968185939,95322999764.7411,2516228020.2911,319.019368649763,568.60581,1154.711575,EasternAfrica,28.8153010070423
Faroe Islands,48677,,,0.370469890859404,34.8689111747851,,,,1396,64225.2649049837,18.1703076664828,18.5463178341047,51.8069111052493,2767490328.96512,,,,,,,,,,,,,3219884847.21264,,,301.7617879,229.1984842,NorthernEurope,106.873216469629
Fiji,889955,50.6721126349085,49.3278873650915,0.729092657357544,48.7112753147236,29.2936818011738,65.0820886046791,5.62422959414711,18270,6175.87484121767,11.8491481459647,15.5858035556379,53.9850220227217,4475050916.49694,1.02999997138977,17.6100006103516,14.1400003433228,68.2600021362305,55.19,4.11,362136,60.29,0.773831393568309,1.7731018246027,2.37426425854399,2.37426425854399,5045408257.73005,322282826.115833,132.297245600612,176.2648848,334.9303343,Melanesia,106.564094449499
Finland,5521606,49.2973900424771,50.7026099575229,0.110191690491055,18.1679586733351,16.0163415492983,61.8430138267974,22.1406446239043,303920,48711.5642079496,2.45483037197048,23.9306420933901,60.0580202363263,232905552290.196,3.77999997138977,3.77999997138977,21.6399993896484,74.5800018310547,55.31,6.7,2748960,78.15,0.401053790022323,1.02409392963429,1.51705292122455,1.51705292122455,270240027192.156,15768223068.6148,112.331712088838,159.7615014,214.5058846,NorthernEurope,79.40031881995
France,67248926,48.4026166175936,51.5973833824064,0.218824148997353,122.816302229722,17.8021578717479,61.8064718464662,20.3913702817859,547557,40380.0987725432,1.59714194783544,17.1352034127768,70.1947225304942,2414830779317.64,4.25,2.52999997138977,20.4300003051758,77.0400009155273,50.33,8.44,30385859,71.82,0.0351482166469712,1.10825492288292,1.22721756855577,1.22721756855577,2771809930478.43,51038713850.7414,110.04856675289,174.865886,193.3752543,WesternEurope,64.5227290341624
French Polynesia,279285,50.6622267576132,49.3377732423868,0.578860345386691,79.3423295454545,22.5638858951544,68.7554379545056,8.68067615033997,3520,,,,,,1.32000005245209,6.82999992370605,16.6399993896484,76.5400009155273,47.34,12.72,117304,60.26,,,,,,32625026.5076,,60.24479638,216.5322348,Polynesia,
Gabon,2172578,50.9161005956978,49.0838994043022,2.48404317871067,8.43162960375674,37.1795455999529,59.2757271427184,3.54472725732873,257670,7767.01697942954,5.55441626649173,47.2081807833901,41.2467130835206,15863554898.0979,2.84999990463257,29.9599990844727,10.7399997711182,59.2999992370605,42.51,19.64,721991,54.74,20.8564721550404,2.46456756151187,1.55453258026736,1.55453258026736,15511134184.7141,1553136883.3639,122.627926286455,286.6762626,328.9405305,MiddleAfrica,72.2497973586532
Gambia,2347696,49.5960294688921,50.403970531108,2.92186286632026,231.985770750988,44.1271181314867,53.3119564374756,2.56092543103779,10120,777.815245170251,21.797195274515,15.7929936821528,54.5248856884206,1682089106.61673,1.42999994754791,27.0300006866455,15.0100002288818,57.9599990844727,53.98,8.94,777591,60.54,2.31693510856326,7.11567625631189,7.14923906059883,7.14923906059883,1795947897.12859,32266071.5504,172.730435584882,826.217774,331.606736,WesternAfrica,55.5386924434596
Georgia,3720161,47.682173719626,52.317826280374,-0.171565740223868,65.0855698239966,20.0314254153046,64.9075189559556,15.0610556287397,69490,4697.98365238984,6.50458918722347,20.3125586294549,60.7675132811473,15307395053.4048,2,38.1500015258789,14.2600002288818,47.5900001525879,56.26,11.57,1892372,69.4,0.117472441896689,4.85289821696731,5.19239145340818,5.19239145340818,16699333664.5257,1341122820.37,133.612466666667,1175.975232,1341.587536,WesternAsia,118.599368307339
Germany,83092962,49.3900550553476,50.6099449446524,0.22551987421288,237.829761291431,13.7994884756758,64.6375192034153,21.5629923209089,349380,46467.5162023856,0.721821950972007,26.7037300126122,62.6327829402299,3477263584949.01,4.26000022888184,1.21000003814697,27.1800003051758,71.6100006103516,59.32,3.14,43871267,79.08,0.100707779521797,1.4456670146976,2.19246294106814,2.19246294106814,3966094443874.5,67618997073.9991,112.854887342124,270.5348578,248.897155,WesternEurope,87.9891274408895
Ghana,30417858,50.6810374353119,49.3189625646882,2.16258446185622,133.681365913686,37.3648721329998,59.5378056888691,3.09732217813116,227540,2210.35592258865,17.6074862837021,31.5979151971596,45.8818690218074,63931253658.7256,5.34999990463257,29.75,21.0499992370605,49.2099990844727,65.02,4.12,12919340,69.21,7.78653040791905,7.17592284708851,9.97060771376661,9.97060771376661,65527306781.1554,3879831469.7,248.441543589585,937.6957503,450.6475265,WesternAfrica,71.1120834554829
Greece,10721582,49.0814298857721,50.9185701142279,-0.105339392724138,83.1775174553918,13.8965985913913,64.161931282466,21.9414701261427,128900,19150.7861964985,3.77917680732401,12.8862960176626,70.0441125682098,182587760180.102,7.40000009536743,11.6000003814697,15.3400001525879,73.0599975585938,43.19,17.31,4822612,68.7,0.10590561157823,0.252978044454509,0.190777354218241,0.190777354218241,203644992868.4,4999635989.53698,101.949392140007,323.2226018,186.569589,SouthernEurope,81.8217965518436
Grenada,112002,50.3794575096873,49.6205424903127,0.494964112035921,329.417647058824,23.7172218601287,66.6053587850325,9.67741935483871,340,10815.9113560803,4.89453618239019,13.5560522075706,66.5961434393526,1015970370.37037,,,,,,,,,0,0.59814976473601,1.64022163623478,1.64022163623478,1093012437.51293,131044444.4444,108.068831493402,66.01041667,196.6241588,Caribbean,110.126299762443
Guam,167295,50.471920858364,49.528079141636,0.915743567783526,309.805555555556,24.1341590254283,65.6759955527395,10.1898454218322,540,37723.7813443319,,,,,1.41999995708466,0.230000004172325,15.539999961853,84.2300033569336,60.43,5.65,81292,70.59,,,2.27144925829836,2.27144925829836,,,,43.55945946,250,Micronesia,78.3077166851529
Guatemala,16604026,49.256103412478,50.743896587522,1.56038604781094,154.946117954461,33.8593321423826,61.2116835268401,4.92898433077731,107160,4638.63494319511,9.43421417388073,21.8211743745573,62.6483595981269,72324681097.0936,2.83999991416931,31.2999992370605,18.7299995422363,49.9799995422363,61.16,2.36,6879134,64.71,1.22266519613288,3.69998398008601,3.68060643662776,3.68060643662776,75608515048.4948,1169327140,142.921394880398,412.1806224,384.4588749,CentralAmerica,45.5965223249487
Guinea,12771246,48.2809194968134,51.7190805031866,2.83478481749442,51.9747924466873,43.4499891396658,53.6081052702297,2.94190559010452,245720,1058.14336817318,24.1886016618938,28.5350463876243,38.344395675379,12306761724.1643,1.12999999523163,60.6500015258789,5.78999996185303,33.560001373291,58.85,4.14,4433672,62.96,4.1112673622605,9.47077937313535,9.94984530941956,9.94984530941956,12853809258.2083,44400000,262.949889606886,578.1672193,571.4113978,WesternAfrica,72.2468939523622
Guinea-Bissau,1920917,48.875771311306,51.124228688694,2.45652856791883,68.3114153627312,42.1536637094062,54.9830758354582,2.86326045513561,28120,749.453747028806,30.3965794546532,13.2629614582098,51.2366001896858,1366161328.42701,0.990000009536743,60.4799995422363,8.60999965667725,30.9099998474121,70.06,2.79,800827,72.89,8.61026417982827,0.246600268147853,-3.41786303090853,-3.41786303090853,1470018484.03597,71658680.3379902,112.718072816065,357.6906166,526.7612843,WesternAfrica,55.3725855838767
Guyana,782775,50.2406183130529,49.7593816869471,0.482526666451711,3.97650495300991,27.9299305284082,65.3584851667037,6.71158430488805,196850,6609.51043084801,17.5952962348857,28.6893031668477,44.7132587365527,4617616343.74687,5.80000019073486,15.4399995803833,24.9699993133545,59.5999984741211,47.17,13.91,309040,58.64,4.00537781377662,2.0872308916202,2.96119322249587,2.96119322249587,5127125799.70695,1695179887,116.191475510903,312.4401876,526.9109948,SouthAmerica,
Haiti,11263079,49.3434876910656,50.6565123089344,1.24985422874917,408.674854862119,32.8585874002282,62.0777430536966,5.0636695460752,27560,1272.49069871548,19.3827491936875,23.3165387150738,54.0881931489261,13871739806.6215,0.730000019073486,29.0300006866455,6.65999984741211,64.3099975585938,58.95,13.48,5152876,68.93,0.465654746823631,18.7037825672506,17.4331662290345,17.4331662290345,14381819367.5678,75000000,212.825312171362,377.8197501,429.1470429,Caribbean,47.3545792912647
Honduras,9746115,49.9583064636524,50.0416935363476,1.64061784169287,87.1044329251944,31.159424825292,64.0123856506135,4.82818952409457,111890,2574.35675105143,10.7536504478567,27.0767291297681,57.5801932518774,22693359446.7226,10.1700000762939,29.4899997711182,21.3899993896484,49.1199989318848,65.13,5.57,4627392,71.05,0.938519127683884,4.36587159819272,4.12669713335944,4.12669713335944,23175208601.0976,955095297.980428,150.34435782941,260.7618902,296.5441632,CentralAmerica,98.0275897083463
"China, Hong Kong SAR",7507400,45.9711514966669,54.0288485033331,0.754094920172569,7149.90476190476,12.3267081343393,70.1750394088127,17.498252456848,1050,48354.473367413,0.0723134685153416,6.25573023595916,89.9808054672779,349616891486.619,2.66000008583069,0.170000001788139,11.0799999237061,88.75,58.1,2.96,3940634,72.27,0.000558547564478733,2.8649279875438,2.04714511101652,2.04714511101652,381357214870.021,58299361094.7774,134.593052867475,263.9033988,269.9630034,EasternAsia,353.794681778553
Hungary,9771141,47.5828834819529,52.4171165180471,-0.0452557101106228,107.069263642341,14.4332197277783,65.8723226655215,19.6944576067002,91260,16733.3221691387,3.31731327754577,24.9742682487539,56.3882719312323,138547240762.403,4.48999977111816,4.71999979019165,32.0900001525879,63.189998626709,54.88,3.42,4750636,72.57,0.32375414168396,3.3385863538201,4.76518148142029,4.76518148142029,159229639441.272,92164560624.3042,121.64204740639,438.4702623,372.4227621,EasternEurope,161.757600180338
Iceland,360563,50.2098591009241,49.7901408990759,2.19893225826166,3.5759496181692,19.6471709076751,65.1607080178509,15.192121074474,100830,68883.1487741776,4.40950135759592,19.7997271375315,65.899488286694,21582897961.1844,3.48000001907349,4.03999996185303,17.4699993133545,78.4899978637695,71.74,3.51,215408,86.67,0.000117414284224356,3.01397179156056,4.53471861563234,4.53471861563234,24634234577.5015,-600034636.630748,129.003331214359,274.7240982,253.6470878,NorthernEurope,83.6624841007599
India,1366417756,51.9701657038479,48.0298342961521,1.01326124930492,459.579695882201,26.6182646511486,67.0038111931616,6.3779241556898,2973190,2100.75146060783,16.6774623971688,24.1775949697002,49.8595589133602,2603966776645.51,2.04999995231628,42.5999984741211,25.1200008392334,32.2799987792969,46.74,5.27,494732703,52.13,2.00641341778857,3.72327648330532,3.56600142249476,3.56600142249476,2843265469943.79,50610647353.5912,172.878328310405,765.1134049,943.3834647,SouthernAsia,39.3867710424728
Indonesia,270625567,50.3536168110827,49.6463831889173,1.09792643725552,144.139988463499,26.2151194819848,67.734577835602,6.05030268241321,1877519,4135.20153132694,12.7127004560495,38.9520689150014,44.2227648516737,1073069014028.7,3.5,28.5,22.3600006103516,49.1399993896484,65.54,3.62,135802879,70.2,2.94307553510335,3.03058664969491,1.59879813414963,1.59879813414963,1085070037984.51,24993551748.0098,151.176675071352,256.384257,392.8793141,South-easternAsia,37.4487792904287
Iran (Islamic Republic of),82913893,50.5221603814936,49.4778396185064,1.35228980616831,50.9061451656475,24.6546580497607,68.9868198948437,6.35852205539563,1628760,3114.62275284063,12.1818798178618,31.6778030249388,55.831357996144,252329186834.279,3.58999991416931,17.3700008392334,31.3899993896484,51.2400016784668,40.13,11.14,28212245,48,,39.9073455697783,36.9100828421149,36.9100828421149,258443785777.363,1508000000,550.929425291206,228.6718397,300.9641675,SouthernAsia,56.1730621052694
Iraq,39309789,50.6026984779796,49.3973015220204,2.25413907484826,90.5488450410939,38.0209272587437,58.5805396076595,3.39853313359679,434128,5658.49226654047,3.33440051362188,52.5133118550844,45.3973267244073,222434137055.838,1.79999995231628,18.2700004577637,22.9300003051758,58.7999992370605,37.49,12.76,10469143,44.67,39.7992116840961,-0.198965380023871,0.26417423351819,0.26417423351819,221268137055.838,-3075600000,119.618699575991,403.8734186,350.2051476,WesternAsia,72.4643268040902
Ireland,4934340,49.6143162782658,50.3856837217342,1.36762695363797,71.6263608651473,21.1503749619815,64.6267942926721,14.2228307453464,68890,80778.8296145658,0.916770752594997,35.3705321755563,57.7520344681018,360712285198.117,4.19999980926514,4.42999982833862,18.7700004577637,76.8000030517578,59.36,4.95,2429748,73.51,0.023766132998619,0.939044481054341,3.14837359386615,3.14837359386615,308373119536.768,-46633226471.2934,106.584326346003,219.6782223,196.1082485,NorthernEurope,239.836810703819
Israel,9054000,49.7375452395382,50.2624547604618,1.90898263957994,418.391866913124,27.8855719144722,59.9057536718941,12.2086744136338,21640,43588.713153649,1.08723229565332,18.4645243408671,71.1604603270578,,3.94000005722046,0.920000016689301,17.2299995422363,81.8600006103516,61.28,3.8,4159779,72.18,0.093395505988066,0.844128708733833,2.23194779569316,2.23194779569316,392786885849.307,19047100000,108.17643894567,186.301915,203.2351749,WesternAsia,56.7662165868841
Italy,59729081,48.6556403580691,51.3443596419309,-1.15302842389952,200.614922916737,13.1666575144622,63.8212058366567,23.0121366488811,297730,33566.7873041609,1.90912433488196,21.3806201933452,66.3631838337545,1795341572454.9,5.96999979019165,3.89000010490417,25.8700008392334,70.2399978637695,44.77,9.95,25787158,65.82,0.0890422202223529,0.611246943765291,0.803938225764568,0.803938225764568,2022390593847.06,31185214397.3215,110.623595648239,221.4652809,198.3239411,SouthernEurope,60.108088399314
Jamaica,2948277,49.6466241129989,50.3533758870011,0.456356507419859,272.232409972299,23.5312193995209,67.5463889272352,8.92239167324395,10830,5369.4983713849,7.01960213851849,19.2535844539959,59.8108539811498,12860895597.6239,3.59999990463257,15.2200002670288,16.1800003051758,68.5999984741211,61.52,7.72,1502858,71.38,0.140914731096599,3.90510000865876,3.18250309465809,3.18250309465809,15422475637.9954,665415555.002522,162.49153689912,122.5104451,192.0130185,Caribbean,90.1106076335994
Japan,126264931,48.8334888758224,51.1665111241776,-0.208999472902293,346.405846364883,12.5730310225261,59.4249196996624,28.0020492778115,364500,40113.0609702277,,,,,1.83000004291534,3.38000011444092,24.2199993133545,72.4000015258789,60.87,2.4,68838956,79.82,0.0889735154119182,0.476973684210521,0.64083930871999,0.64083930871999,5252425968544.02,39932871886.7159,105.482172148839,147.2084565,189.9703687,EasternAsia,34.929193847498
Jordan,10101697,50.617386365875,49.382613634125,1.35921632969114,113.78347600811,33.562242134834,62.5443415728095,3.89341629235651,88780,4405.48710929391,4.91264374468101,24.4544709340817,60.9394075798093,38947618873.2394,3.34999990463257,2.47000002861023,24.4500007629395,73.0899963378906,32.83,16.85,2649637,41.78,0.0348862056218373,0.761514047265513,1.67062575504566,1.67062575504566,44510360704.2254,825492957.746479,125.604002606804,437.7178078,420.622088,WesternAsia,85.6880461088272
Kazakhstan,18513673,48.5124595260268,51.4875404739732,1.28960848954226,6.85767789013594,28.8812499437375,63.4664061152816,7.65234394098093,2699700,9812.5958082732,4.46633595812751,33.028795913527,55.5282559332057,168992974738.163,1.48000001907349,14.8599996566772,20.9799995422363,64.1600036621094,65.51,4.8,9060001,76.59,17.6245290213371,5.24547679608388,7.63328623819848,7.63328623819848,158974567110.728,3320645020.68398,188.51643427329,650.3342091,749.1443091,CentralAsia,64.8586165517565
Kenya,52573967,49.6869144380906,50.3130855619094,2.27274637907931,92.3744017289243,39.1933742576388,58.3827990325175,2.42382670984367,569140,1816.54712375218,34.1496536062322,16.1464175862083,43.220814220419,87375747622.3159,0.180000007152557,54.3400001525879,6.21999979019165,39.439998626709,72.31,2.6,23733381,74.56,1.05240168641247,5.23585999425422,3.96105533785823,3.96105533785823,93578038042.9454,1332436904.48383,189.966315017816,336.7403441,568.4988329,EasternAfrica,33.4014430678127
Kiribati,117608,49.1650227875655,50.8349772124345,1.51298666799305,145.195061728395,35.8383075693417,60.0794177167831,4.08227471387514,810,1655.05069337521,,,,,,,,,,,,,0.03835441178341,-1.88110022362739,3.99966780315053,3.99966780315053,381647549.530761,-558280.50228304,100.464955184995,340.2561247,332.7998584,Micronesia,
Democratic People's Republic of Korea,25666158,48.9078341994154,51.0921658005846,0.455141902020057,213.156365750353,19.9932822053131,70.7486289048058,9.25808888988112,120410,,,,,,1.41999995708466,43.8199996948242,12.7299995422363,43.4500007629395,78.57,2.62,16567356,86.24,,,,,,25759138.6116,,33.89830508,176.7497034,EasternAsia,
Republic of Korea,51709098,50.0718326391747,49.9281673608253,0.198353208370259,530.240955701395,12.7464436133795,72.1933794912468,15.0601768953737,97520,31846.2182324258,1.62242066983599,32.8321469501494,57.0818928777875,1507366880978.58,5.65000009536743,5.1399998664856,24.5799999237061,70.2799987792969,60.89,3.75,28541664,69.11,0.099287688553049,0.38294613224406,-0.922268892218497,-0.922268892218497,1661048304919.31,9634300000,115.15858742558,314.7610757,313.6464425,EasternAsia,76.9964293082181
Kosovo,1788878,,,-0.457730006092952,,,,,,4445.89070247935,7.67510553215558,26.3823561581974,46.8324164713358,6433299373.04075,,,,,,,,,0.399150683568139,2.67599202639892,0.641209064442137,0.641209064442137,8132975817.28616,285081551.307007,118.065646442896,,,EasternEurope,85.1789594776512
Kuwait,4207077,60.9224646946086,39.0775353053914,1.67213222595982,236.087373737374,21.569838294134,75.6663227228938,2.76383898297229,17820,32373.2511149607,0.384579820231552,58.3801905618255,54.7228624210634,145447274066.138,0.629999995231628,1.77999997138977,22.1499996185303,76.0699996948242,71.83,2.41,2428518,74.97,42.6563211941673,1.09184802655847,-1.33653306079889,-1.33653306079889,154471896919.875,515617569.386937,126.601512114574,331.7703944,469.1079536,WesternAsia,98.1829442480691
Kyrgyzstan,6456200,49.4696962258008,50.5303037741992,2.08787614010317,33.6611053180396,32.5016950209247,62.8980103961283,4.60029458294692,191800,1374.03113639092,11.6651082284086,28.4895220130683,49.8516966571136,7691397130.10025,1.5900000333786,19.3199996948242,25.3600006103516,55.3300018310547,54.91,6.72,2565016,62.35,0.552836122814088,1.13362257718798,3.94938790011574,3.94938790011574,8091713197.3447,278859100,155.676152413544,384.7132511,878.6597384,CentralAsia,99.3730765509503
Lao People's Democratic Republic,7169456,50.1994572531026,49.8005427468974,1.5172569744542,31.0635008665511,32.3029993214268,63.5330161079189,4.16398457065425,230800,2544.95255026876,15.1673302157703,31.4083296243682,42.3401232799039,16223507395.7699,0.439999997615814,61.439998626709,12.9399995803833,25.6200008392334,77.66,0.62,3793016,81.38,2.78837761893896,3.32255881256934,2.04355102618329,2.04355102618329,17161472028.8061,755524124.249368,135.866574667173,1745.138809,1167.93622,South-easternAsia,
Latvia,1913822,46.0444528357301,53.9555471642699,-0.695239140136066,30.8233531969721,16.3077562104594,63.3557327862224,20.3365110033182,62090,17794.4786167812,3.72965159719927,18.5806893922863,64.6838207289992,29673714923.3333,4.09000015258789,7.28999996185303,23.7199993133545,68.9899978637695,57.54,6.31,983777,77.74,0.97890786226206,2.81140920075622,2.31271652147016,2.31271652147016,33621087275.5058,1059246100.59524,116.856984643273,839.6798217,591.8062758,NorthernEurope,121.263220088743
Lebanon,6855709,50.3120246206483,49.6879753793517,-0.0539404817281259,670.157282502444,25.5722198405913,67.1544885265763,7.27329163283236,10230,7583.69914645363,3.07320997586484,12.7619283371496,78.8477009715948,49227155727.1557,6.90000009536743,11.3199996948242,23.5900001525879,65.0999984741211,44.63,6.04,2423712,51.07,0.00120094833638859,3.0053894939038,4.51742846832978,4.51742846832978,51372863733.3345,2223271880.25471,130.024611761339,675.7896946,315.2603531,WesternAsia,96.0410275388329
Lesotho,2125267,49.3088162569691,50.6911837430309,0.800269955388003,70.0022068511199,32.4669171135123,62.6072570612271,4.92582582526063,30360,1113.37214033581,4.7312011112533,30.9211696952236,51.988111007242,2073760534.03837,0.529999971389771,44.2999992370605,13.3100004196167,42.3899993896484,51.7,23.86,974540,69.87,3.04886684828318,5.18708359197993,3.14657560944988,3.14657560944988,2690392209.51801,117671911.399261,155.858195070683,459.6214839,254.1735705,SouthernAfrica,138.649006505439
Liberia,4937374,50.2517330062499,49.7482669937501,2.4272153554856,51.2601121262459,40.7529184542228,55.961387571612,3.28569397416521,96320,621.892953622715,39.1132362971578,11.9679997978191,48.9187606482437,,1.4099999666214,42.6199989318848,10.1499996185303,47.2299995422363,73.93,2.89,2226993,77.08,12.4315003153149,,-3.73459233161411,-3.73459233161411,2717591900,86681700.4596762,,160.5775076,130.0568862,WesternAfrica,127.452275887903
Libya,6777453,50.5000772414062,49.4999227585938,1.46982235441249,3.85183229707765,28.0682769866906,67.4734841353358,4.45823887797361,1759540,7685.94813248318,,,,,3,16.4099998474121,24.4300003051758,59.1699981689453,40.58,18.34,2422944,52.8,44.6378355124912,,-1.10362562372156,-1.10362562372156,53016861792.689,,,192.0639061,385.1231416,NorthernAfrica,117.473047408956
Lithuania,2794137,46.2553508059592,53.7446491940408,-0.264704354944785,44.613396136037,15.1354512765674,64.7061360104101,20.1584127130225,62630,19555.2110652539,3.22323174459562,25.2502265995965,61.3665676676386,49088535213.0117,2.5699999332428,6.44000005722046,25.7000007629395,67.8600006103516,58.11,6.26,1469927,78.24,0.365548522637799,2.33450937988024,2.8309293253244,2.83092932532441,52738342284.6823,1573981541.13583,118.382098321258,870.2997638,655.4170499,NorthernEurope,149.65876887169
Luxembourg,620001,50.5270167118705,49.4729832881295,1.9628449198635,255.144444444444,15.7072348387034,70.0178162795645,14.2749488817321,2430,114685.168424149,0.226573207875215,11.3171594154927,79.1581586192251,64493506397.5999,3.26999998092651,0.680000007152557,10.8100004196167,88.5100021362305,56.57,5.6,313152,71.66,0.010786256026503,1.74332075653843,3.39209346143548,3.39209346143548,,-11420831094.3937,115.087815087815,197.5315564,213.2531275,WesternEurope,381.516616449664
"China, Macao SAR",640446,48.0455807359247,51.9544192640753,1.38562793740991,19466.443768997,14.0194708366839,74.7687935732186,11.2117355900975,32.9,86117.6554287201,,4.23258551664952,94.040232028361,54201102781.736,3.09999990463257,0.400000005960464,9.65999984741211,89.9400024414063,68.62,1.7,384360,78.15,0.000348656868203767,,2.39824427814573,2.39824427814573,48827470416.9506,6484462571.26444,,62.45076802,425.4040895,EasternAsia,113.686033815752
Madagascar,26969306,49.8823699801545,50.1176300198455,2.65644587984943,46.3549432794775,40.3668399784985,56.5890958933428,3.04406412815873,581800,526.224572187396,23.2115268051322,17.1255507360602,51.8659217618186,13085368072.5311,4.44000005722046,64.120002746582,8.72999954223633,27.1499996185303,84.49,1.67,13818212,87.15,3.78532621395661,5.61051441492366,8.33907151601711,8.33907151601711,13596240332.1827,474311425.432437,184.314525125891,320.4274806,357.8998387,EasternAfrica,59.5556335841336
Malawi,18628749,49.3070039217341,50.6929960782659,2.64093709821938,197.589616037336,43.4686884737873,53.8892873471308,2.64202417908193,94280,583.110203584039,23.3470836482133,18.8086177953478,51.6981152757201,10194977479.6273,1.24000000953674,76.3600006103516,5.36999988555908,18.2700004577637,72.11,5.56,8040477,77.31,5.14045583271647,9.37083605605672,7.69177555116643,7.69177555116643,10680893060.9762,98422743.2553861,418.344325525805,226.6021523,544.1176068,EasternAfrica,
Malaysia,31949789,51.4030436945922,48.5969563054078,1.32884901520668,97.2448303150206,23.6949791543146,69.3842495363896,6.92077130929584,328550,11414.2026894664,7.255789664921,37.4014196594659,54.2134734740023,,3.60999989509583,10.2799997329712,27.0100002288818,62.7200012207031,62.59,3.31,15780716,68.64,6.26153222816036,0.662891865764376,0.0636059506731215,0.0636059506731215,354960894387.447,9101052111.36137,121.463089485086,242.489627,250.111415,South-easternAsia,123.000183693894
Maldives,530957,63.2951444278915,36.7048555721085,2.91480812041913,1769.85666666667,19.9096718541942,76.4493279066132,3.64100023919255,300,10626.4333466909,5.23317774346684,11.6987230953588,70.0287094990091,4906473442.98531,4.17000007629395,8.31999969482422,19.1299991607666,72.5500030517578,65.95,5.82,297757,72.12,0.00271876264514674,0.220029731065343,-0.548459903632988,-0.548459903632988,5082024444.15551,961146508.814222,136.563174927495,331.8215271,743.0736766,SouthernAsia,146.991519564917
Mali,19658023,50.0789779318093,49.9210220681907,2.99625535273008,16.1106245748613,47.3046969963574,50.2001751853988,2.49512781824385,1220190,879.122775162059,37.3288610751519,20.9214147199355,33.4939714808061,15855071760.7282,0.600000023841858,62.439998626709,7.55999994277954,30,64.3,7.24,7179722,71.33,1.79450332230659,-1.65826694846368,1.93033272066484,1.93033272066484,16670712812.3555,493823353.823,108.726079750895,654.1056539,591.0402638,WesternAfrica,61.0603147076046
Malta,504062,50.1349979676504,49.8650020323496,3.93135631850717,1575.19375,14.32879474626,64.8540324997956,20.8171727539444,320,30186.1959621979,0.711852930551147,12.5678859502832,75.7129703059846,13540876385.7922,4.80000019073486,1.01999998092651,18.9200000762939,80.0699996948242,55.89,3.4,249860,74.39,0,1.64206001768947,2.31445528709868,2.31445528709868,14069074718.9006,4256165676.46227,113.452474124359,122.585382,207.1755795,SouthernEurope,271.435675668983
Marshall Islands,58791,,,0.646743378680184,326.616666666667,,,,180,4073.10982973584,20.1507795384825,14.0595050074709,68.0404255870029,235427900,,,,,,,,,,,1.44277072519942,1.44277072519942,292637300,4177233.7978,,602.8057869,118.7778671,Micronesia,
Mauritania,4525698,50.1987317757393,49.8012682242607,2.74148343597351,4.39089744833608,39.8889143238963,56.9548418629974,3.15624381310632,1030700,1679.44260484157,18.6995088206177,25.0813663260113,46.0694908959523,6829211880.6205,4.1100001335144,30.8299999237061,17.6100006103516,51.560001373291,40.77,10.13,1234266,46.54,12.8102552963157,2.30009262117938,4.67694579814948,4.67694579814948,7504422970.94655,-883561115.825519,135.018896797734,699.4087968,632.8658597,WesternAfrica,93.0357951688324
Mauritius,1265711,49.3806264619941,50.6193735380059,0.0322400432027594,623.502955665025,17.2597088372708,70.7415639363991,11.99872722633,2030,11097.5869332309,2.8978090323979,17.269448675726,67.6602986716118,12334469235.4885,3.39000010490417,5.96999979019165,23.6800003051758,70.3499984741211,54.2,6.36,606150,66.17,0.00206294360915147,0.405655190309511,0.505940109356715,0.505940109356715,15788087920.9741,472302807.0769,129.914034934498,143.2326079,254.1241139,EasternAfrica,92.1882181053358
Mexico,127575529,48.9148612505459,51.0851387494541,1.09136688717461,65.626960055557,26.1851181506761,66.3982212450791,7.41666060424488,1943950,9946.03382879198,3.38835838442596,30.8827111802441,59.8761820132139,1194606727402.98,4.78999996185303,12.4799995422363,25.5499992370605,61.9700012207031,59.28,3.48,57839046,65.25,2.2046014349359,3.6359614212705,3.96672563871377,3.96672563871377,1232370517244.96,29375485438,141.542522969974,276.9185198,260.4095921,CentralAmerica,77.9152934428754
Micronesia (Federated States of),113811,50.8448216780452,49.1551783219548,1.03422854195793,162.587142857143,31.4554320608004,64.351798972016,4.19276896718359,700,3585.42320162374,22.5138619116866,4.86413047473831,66.7758661336086,377627700,,,,,,,,,,,0.320572720294308,0.320572720294308,463133500,,,226.820349,177.9692769,Micronesia,84.8997183261506
Republic of Moldova,2663251,47.9278838995681,52.0721161004319,-1.67418200483071,92.7241550989997,15.8896910737689,72.0971898192129,12.0131191070183,32885.3,4494.01840306454,10.0516503214619,22.7717246649445,54.0759706926898,10400721122.4972,0.270000010728836,20.9599990844727,21.7199993133545,57.3199996948242,39.39,5.1,929853,47.17,0.226539993205607,4.83778351428725,5.49133376206257,5.49133376206257,12594010844.8885,501610000,166.196279636921,588.8135593,751.9305019,EasternEurope,87.3873957003879
Mongolia,3225166,49.2976795613001,50.7023204386999,1.71853282942005,2.07105836873216,30.798281143271,65.0123854051589,4.18933345157011,1557255,4339.84462487314,10.8006221506718,38.4533257844621,39.9827657745935,12490212356.7518,1.4099999666214,25.3199996948242,21.5799999237061,53.1100006103516,59.62,5.31,1405185,66.34,16.4308756078195,7.30481597480148,9.38141366556707,9.38141366556707,12424720884.3459,2443343095.41815,195.762902940885,1422.135125,997.1358828,EasternAsia,126.218065621229
Montenegro,622028,49.4445753740517,50.5554246259483,-0.0319870125812963,46.2474349442379,18.1502164853731,66.4606114457783,15.3891720688486,13450,8910.65155409448,6.39384140935866,16.1294411268218,58.7244623612204,4503298813.25571,7.25,7.15000009536743,19.4099998474121,73.4400024414063,47.12,15.12,282668,66.31,0.951860345250642,0.361563704540798,2.02211865219306,2.02211865219306,5561523175.10076,418205414.663299,116.740696925397,,,SouthernEurope,108.51198506172
Morocco,36471766,49.6084094200429,50.3915905799571,1.22117870546902,81.7202912838898,26.9695171627129,65.7300280663655,7.30045477092159,446300,3230.40972230151,12.1631904931504,25.3446493567414,50.9258406664524,105855403396.034,2.46000003814697,33.25,23.0900001525879,43.6599998474121,41.28,9.01,12084530,48.73,0.320599016316135,0.303386036590361,1.33770666525849,1.33770666525849,117366149878.862,1720825003.13095,111.067558219968,391.9848294,439.8810321,NorthernAfrica,87.1416037596532
Mozambique,30366043,48.5603310250203,51.4396689749797,2.90700114585105,38.6149736768483,44.3680004858059,52.7535533449279,2.87844616926622,786380,503.57065659174,26.0267238156518,22.8565845883534,39.8978517529276,13575925128.6559,2.54999995231628,70.2200012207031,8.59000015258789,21.1900005340576,75.58,3.19,13188550,78.33,11.3141234220212,2.78110631182942,4.44124222536793,4.44124222536793,14995482279.0475,2180768236.13929,182.314783376391,1249.919785,660.9155954,EasternAfrica,116.547151205313
Myanmar,54045422,48.1903277580107,51.8096722419893,0.625695404700204,82.7914367560778,25.9144012573128,68.0738941431115,6.01170459957569,652790,1477.35536778794,22.1832003664849,35.8971125547511,41.9196870787644,,2.5,48.8499984741211,16.9400005340576,34.2099990844727,60.11,0.5,24188088,64.51,4.72865794491563,8.82506696804562,6.58526638706245,6.58526638706245,77688294296.0653,1735589412.93376,168.182700659367,1117.808625,784.8107673,South-easternAsia,52.0441709425081
Namibia,2494524,48.4606281599215,51.5393718400785,1.87040232780685,3.02994570564443,36.9059101313674,59.4860354455549,3.60805442307769,823290,5037.34262919263,7.06957453139642,27.3170861409426,58.4182084217571,11661648333.9093,6.63000011444092,21.8500003814697,16.3999996185303,61.75,47.65,19.75,934580,60.59,1.1657966268622,3.72239414422688,0.888433869302247,0.888433869302247,12258017027.1679,-176478261.583527,157.968367961494,374.807082,496.8462203,SouthernAfrica,81.8880251051044
Nauru,10764,,,0.802168278666476,538.2,,,,20,10983.2246492424,,,,,,,,,,,,,0,,3.3125,3.3125,174152481.762266,,,117.2413793,350,Micronesia,99.2135511191773
Nepal,28608715,45.6048200696886,54.3951799303114,1.80944248570395,199.572479944193,29.5703755954043,64.6470567879502,5.78256761664542,143350,1194.95687572575,21.5833727596487,13.0106754143387,52.0227162614147,29610963601.9871,1.02999997138977,64.379997253418,15.1099996566772,20.5200004577637,80.11,2.85,16612859,85.66,0.480655833291787,5.56868547784925,4.69115593453498,4.69115593453498,34539791622.4311,185554758.669659,188.729977162221,120.3674129,784.4694851,SouthernAsia,49.2495265876321
Netherlands,17344874,49.8027358170144,50.1972641829856,0.65507157480522,515.143272943273,15.883496235918,64.5111840408302,19.6053197232518,33670,52295.0390498713,1.64628810720681,17.7037372554295,69.7771173481667,808428517254.901,3.84999990463257,2.07999992370605,16.1100006103516,81.8099975585938,62.08,3.38,9374012,80.94,0.245961264658331,2.63369910249593,2.95780015687856,2.95780015687856,910599597341.175,35689139761.0939,115.907994941178,305.0538322,291.8731811,WesternEurope,156.224459948633
New Caledonia,271300,50.2997273277054,49.7002726722946,0.239874642189939,14.8413566739606,22.4339522546419,68.1393457117595,9.42670203359859,18280,,,,,,2.57999992370605,1.87000000476837,22.8700008392334,75.2600021362305,53.43,15.45,132975,71.21,,,,,,413344988.0771,,280.7066348,319.1643096,Melanesia,
New Zealand,4979300,49.1560009048597,50.8439990951403,1.59316723078585,18.9104097831453,19.5666040777636,64.4394397481279,15.9939561741085,263310,41999.3682892979,,,,,6.28000020980835,5.84000015258789,19.2900009155273,74.870002746582,66.77,4.07,2787494,80.89,1.56783484053089,1.61963190184049,3.65999097293448,3.65999097293448,203900850487.803,2943285692.56764,114.240911764414,297.1772283,304.6734122,Oceania,54.0916996243138
Nicaragua,6545503,49.2855018170491,50.7144981829509,1.22975908801825,54.3917483795912,29.8548529967602,64.6871546292401,5.45799237399973,120340,1926.69969398276,15.4278737386433,24.1565219473073,50.6316658886056,11377344761.8933,5.75,30.6000003814697,16.2399997711182,53.1599998474121,63.23,5.14,3060596,69.53,1.2888590256484,5.3762899084413,5.5113623729808,5.5113623729808,12144818040.3381,503000000,162.739607236815,598.7455144,387.7606994,CentralAmerica,94.566500281299
Niger,23310719,50.253537868137,49.746462131863,3.79420663603704,18.4027149285545,49.8421691483938,47.5611194251227,2.59671142648349,1266700,553.894955335826,37.8054840470735,20.2335095288219,36.0896927522845,12242272338.2903,0.730000019073486,72.5400009155273,6.71000003814697,20.75,71.81,0.46,8435887,73.39,5.2019993003469,-2.48979265070851,0.1071175340293,0.1071175340293,13479237976.2455,717147639.398696,109.323686827592,414.9037144,581.6275888,WesternAfrica,37.7939168796292
Nigeria,200963603,50.6717995098844,49.3282004901156,2.56487195537782,220.652418283431,43.687530197944,53.569386463864,2.74308333819201,910770,2229.8586518613,21.906295930281,27.3825370476083,49.7302169023896,443724590975.385,0.300000011920929,34.9700012207031,12,53.0299987792969,51.1,8.53,63226720,56.66,9.19746307242847,11.3967949687168,10.3847791937551,10.3847791937551,433449464744,2305099811.70358,267.511515134176,298.123377,633.5888738,WesternAfrica,34.0238778317108
The former Yugoslav Republic of Macedonia,2083458,50.0276463456427,49.9723536543573,0.0240494527028551,82.6113402061856,16.3936031378587,69.5209744948185,14.0854223673228,25220,6022.24098997419,8.04681864220128,23.4999906052835,55.2218154017497,10886934101.9528,3.90000009536743,13.9200000762939,31.1299991607666,54.9500007629395,45.9,17.26,966408,66.07,0.695813778077415,0.766439573459688,1.11009955872761,1.11009955872761,11965412717.7098,549500829.87779,113.395833333333,543.5327949,452.3108933,SouthernEurope,138.827221454715
Norway,5347896,50.5090763673114,49.4909236326886,0.675061373245644,14.6474418449234,17.4129745408736,65.3143595377233,17.272665921403,365107.85,75826.0818834173,1.92983695055161,28.8424957573067,58.0492914646203,358000568181.818,1.69000005722046,2.03999996185303,19.4200000762939,78.5400009155273,61.71,3.69,2829759,78.17,6.97515370415939,2.16773003305405,-0.437690311262187,-0.437690311262187,417278863636.364,17055995015.7014,120.269658854402,171.1663571,248.0857662,NorthernEurope,71.0400595434257
Oman,4974992,66.0191614378475,33.9808385621525,2.96857894027324,16.0742875605816,22.4183947452314,75.1330154496917,2.44858980507684,309500,15343.0435000855,2.35294507131661,53.7240606761742,48.1370300903671,77439712512.7678,1.13999998569489,3.99000000953674,32.0099983215332,63.9900016784668,68.16,1.84,2680161,71.36,26.6771863914576,0.133795057453182,-3.5369528211029,-3.5369528211029,70189256796.0154,3419765929.77893,113.52928579077,362.1215602,452.4642271,WesternAsia,90.0029235908418
Pakistan,216565317,51.4614170652266,48.5385829347734,2.02296715968838,280.93259262142,35.0543779129029,60.6232143782136,4.32240770888347,770880,1284.70204683255,22.0414217623316,18.3387737011522,53.8550011837573,262182960256.327,1.4099999666214,36.9199981689453,24.9599990844727,38.1300010681152,50.42,3.98,73855153,54.5,1.15999716700631,10.5783618004555,8.62080281044209,8.62080281044209,272611906022.841,2234000000,182.320932671494,258.4617021,463.4438196,SouthernAsia,30.4382082628105
Palau,18001,,,0.501226266544612,39.1326086956522,,,,460,14907.777345703,,,,,,,,,,,,,0,,-0.0632525911922244,-0.0632525911922244,286202700,22000000,,60.82725061,132.9661684,Micronesia,
Panama,4246440,50.0756869283447,49.9243130716553,1.65193014674349,57.2473947450018,26.7791201051045,64.9070432896834,8.31383660521204,74177,15727.9744915741,2.16536228867804,29.5882936879285,65.0267488572032,64637300000,2.90000009536743,14.4099998474121,17.7199993133545,67.879997253418,64.11,4.74,2092546,72.16,0.0793303200105284,-0.355083821021212,-0.170485497924204,-0.170485497924204,62285602400,5891326085.81,122.068713378771,1224.830744,636.0959837,CentralAmerica,84.1637482238549
Papua New Guinea,8776119,51.0477467317843,48.9522532682157,1.95370007291066,19.3793203197456,35.4859653634657,61.0046092180487,3.50942541848557,452860,2829.16708525376,,,,,0.800000011920929,56.1500015258789,13.2299995422363,30.6299991607666,45.9,2.37,2661625,48.42,10.046628113825,3.63789900252785,0.0606477005089374,0.0606477005089374,23780271734.3173,333974905.4374,155.992373115839,549.2419887,319.0841008,Melanesia,
Paraguay,7044639,50.8313910762496,49.1686089237504,1.26523860853119,17.731283664737,29.1793358805196,64.1998394239248,6.6208246955556,397300,5380.9633218413,9.99986129760234,33.156729839214,49.5552686969439,35144232857.7169,6.03999996185303,18.7199993133545,18.1399993896484,63.1399993896484,67.87,6.6,3625051,76.18,1.23860629082124,2.7570972756279,3.01189317819828,3.01189317819828,36774393698.0145,596238194.403491,143.821040974529,347.8059101,554.9891245,SouthAmerica,71.3622668803433
Peru,32510462,49.6709059379101,50.3290940620899,1.6161567459337,25.3987984375,25.2544958386154,66.3520253009086,8.39347886047604,1280000,7027.61220697723,6.74617955188098,30.5822084891852,54.372727797334,209510382644.653,3.90000009536743,27.3700008392334,15.1999998092651,57.4300003051758,75.5,3.03,18920065,81.04,1.66105030084361,2.13715342569978,1.98487078449061,1.98487078449061,218650106373.416,8891912446.48546,129.784544342759,685.7026187,570.1328462,SouthAmerica,46.7892759903263
Philippines,108116622,50.2384101493663,49.7615898506337,1.36449622326603,362.600603682463,30.4758810660138,64.209122714395,5.31499621959123,298170,3485.3408438977,8.82032374710178,30.3275078795163,60.8521683733823,376795382459.582,2.95000004768372,22.8600006103516,19.1200008392334,58.0299987792969,58.69,2.24,45122827,62.3,0.681587055933765,2.48027858716509,0.697076297206081,0.697076297206081,414552151966.011,8671365873.65689,129.613257249479,186.2663905,304.933495,South-easternAsia,68.8418422595763
Poland,37965475,48.4603303794251,51.5396696205749,-0.0244271070993493,124.001290132933,15.1853864814628,66.6977162655768,18.1168972529604,306170,15694.8408238857,2.34637882484795,27.9769361701384,57.5627541265652,523679765586.847,4.03000020980835,9.14999961853027,32.1300010681152,58.7099990844727,55.03,3.28,18318734,70.85,0.69182493301472,2.227478809383,3.14915515271137,3.14915515271137,572145205925.444,14399000000,114.111779375092,831.6102273,534.3734287,EasternEurope,106.363796903317
Portugal,10286263,47.2969862249611,52.7030137750389,0.0237334946497115,112.288582794065,13.2520850635726,64.3912242168073,22.3566907196201,91605.6,23284.5272329002,2.04905709313308,18.8593165899105,65.6368222964615,206577751888.102,4.82999992370605,5.5,24.6800003051758,69.8300018310547,55.44,6.46,5288733,75.77,0.152434048583721,0.338178410046125,1.73959505461789,1.73959505461789,233482979481.302,10332167492.9383,110.624358614714,275.9144783,225.5475218,SouthernEurope,86.7082925750371
Puerto Rico,3193694,47.4522431959594,52.5477568040406,0.0106465459574109,360.055693348365,16.2607792710731,64.0421312002967,19.6970895286302,8870,32850.5486123592,0.685891191502422,50.5778032800011,48.213308729195,104365900000,6.98000001907349,1.0900000333786,15.210000038147,83.6999969482422,36.5,8.3,1064401,50.32,0,,2.43210750800674,2.43210750800674,70765000000,,,,,Caribbean,
Qatar,2832071,75.334304824985,24.665695175015,1.79524654253794,246.48137510879,13.5959000969963,84.8809367857469,1.52316311725676,11490,62087.9741348946,0.230041116366306,56.8871827558426,46.7310700935722,174870103716.376,0.270000010728836,1.16999995708466,53.7000007629395,45.1399993896484,86.71,0.12,2124262,87.67,20.7242719506077,-0.666641124861102,-4.82686572968849,-4.82686572968849,171427935611.57,-2812637362.63736,115.380849813981,629.0750068,897.234458,WesternAsia,90.3196917644625
Romania,19371648,48.6367259195898,51.3632740804102,-0.526814821936341,84.1952712100139,15.5739581339248,65.6359760773252,18.79006578875,230080,12889.8096111492,4.12560009291334,27.2453357397058,59.0458918400594,225767974704.453,1.13999998569489,21.2399997711182,30.0699996948242,48.689998626709,52.97,3.91,9016354,68.75,0.847978418909586,3.82785432599428,6.77890535846149,6.77890535846149,246122754571.84,7365441773.73218,123.780383348878,738.3128992,734.19302,EasternEurope,84.9788171371444
Russian Federation,144406261,46.3439313273134,53.6560686726866,-0.0495686654330689,8.81769599441163,18.1549245389062,66.7509502286713,15.0941252324225,16376870,11497.6492498593,3.49556654702251,32.2729289877587,53.9650355398777,1514207146966.91,1.54999995231628,5.82999992370605,26.7900009155273,67.379997253418,58.66,4.6,72674670,73.96,13.0982327288449,4.47036660760175,3.08417384094899,3.08417384094899,1633927975465.61,31974770000,180.750263654162,399.731513,567.5137087,EasternEurope,49.4443796530945
Rwanda,12626938,49.1495721290466,50.8504278709534,2.60731374636986,511.833725172274,39.7660321772083,57.2057147608884,3.02825306190331,24670,820.149288558594,23.543656696549,18.8714093576995,49.1153724923691,9478866393.37628,0.0399999991059303,62.2900009155273,8.63000011444092,29.0799999237061,82.73,0.99,6354567,84.08,3.18243394799155,3.3478765503764,2.50105537818288,2.50105537818288,10007994811.0997,384461863.625287,151.066652368988,2199.139326,1267.99929,EasternAfrica,57.9313515913655
Samoa,197093,51.7542479946015,48.2457520053985,0.490819125766011,69.6441696113074,37.8640973733745,57.2027986219983,4.93310400462716,2830,4324.10177421565,9.75444952942173,15.585944905658,74.659601083009,,2.66000008583069,30.2099990844727,24.8899993896484,44.9099998474121,40.13,8.22,53542,46.42,0.235281677432556,0.982326569888142,2.17117455955203,2.21039974676958,816432773.109244,1019329.5077,117.555522119693,75.36153846,430.723179,Polynesia,89.4499305527855
Sao Tome and Principe,215048,50.0404560842231,49.9595439157769,1.8851478278935,224.008333333333,42.1466966743546,54.8931441113013,2.96015921434417,960,1987.57970166818,12.2898119898564,13.4421581702024,72.6657836792816,433290040.364642,0.479999989271164,19.1399993896484,17.9400005340576,62.9199981689453,50.23,13.05,71873,59.89,1.75999507510222,,6.97823699315447,6.97823699315447,425925039.684339,24191799.5128288,,421.6583916,496.063625,MiddleAfrica,
Saudi Arabia,34268529,57.7309052279425,42.2690947720575,1.66477670240957,15.9411491889528,24.8659819879045,71.7211314124727,3.41288659962284,2149690,23139.7979808237,2.23333637353109,47.4312726913947,50.441066291597,787307334373.333,1.73000001907349,2.41000008583069,24.7999992370605,72.7900009155273,52.45,6.13,14387604,57.95,24.8062644239099,-2.09333333333333,0.486383588199587,0.486383588199587,800866306512.472,4562573670.96759,118.399825471917,337.1913988,506.524682,WesternAsia,63.6597579434366
Senegal,16296362,48.762005900458,51.237994099542,2.74996220289833,84.6432348205474,42.8398690652712,54.0616544893082,3.09847644542059,192530,1430.14825900162,14.9864811396135,23.0948900897354,51.2093303680523,20810281766.3434,0.860000014305115,30.1000003814697,13.1199998855591,56.7799987792969,42.7,6.47,4252308,47.14,1.2942409662545,1.75856517595659,1.86495509329359,1.86495509329359,22650824101.2714,983338154.0313,109.251270172291,453.7102865,524.4199734,WesternAfrica,62.8307975904273
Serbia,6945235,48.9891963592374,51.0108036407626,-0.536610017822353,79.4104161902584,15.5409425306094,65.7185540515046,18.7405034178861,87460,7411.55864879005,5.95378883117524,25.574057848526,51.1802989479957,42574031635.2746,3.35999989509583,15.6099996566772,27.4300003051758,56.9599990844727,49.5,10.4,3240312,67.6,1.21305966214174,1.8492298451109,2.44435207083779,2.44435207083779,48699174974.5367,4268709249.6099,143.997573551714,1139.280905,720.2999192,SouthernEurope,112.082066034767
Seychelles,97625,51.3264648407526,48.6735351592474,0.887925293341637,212.228260869565,23.7387327474191,68.4557853057633,7.80548194681754,460,16198.5174764957,2.22915155256553,11.7905760105983,70.5163502656327,1307100865.78544,,,,,,,,,0.0858814104362134,1.80611159983627,-0.955012586254639,-0.955012586254639,1523487369.50868,253880560.064228,129.958197460152,266.9358824,341.1187318,EasternAfrica,178.823285553998
Sierra Leone,7813207,49.8943647595667,50.1056352404333,2.10903821950532,108.246148517595,40.7243113110288,56.3279520658269,2.94773662314425,72180,527.534174544671,54.3414390517978,5.23713187439664,31.1211950153553,3673355806.99568,2.78999996185303,54.4900016784668,6.76000022888184,38.7599983215332,55.37,4.36,2681078,58.8,13.2058135460821,14.8030585681759,8.538212978077,8.538212978077,4070333745.75015,342447726.808641,234.158709490741,5075.238888,1005.697392,WesternAfrica,53.5332814615604
Singapore,5703569,52.3440120613134,47.6559879386866,1.14428330688929,8044.52609308886,12.3315031501445,75.2753673675391,12.3931294823164,709,65640.7079484985,0.0323845229391676,24.2085469295596,70.6732495617125,355345697111.86,4.26000022888184,0.0299999993294477,15.5500001907349,84.4100036621094,68.33,3.1,3525665,77.42,0.000167681897924511,0.565260568780358,-0.62419407964687,-0.62419407964687,329651444069.784,120439465115.853,114.405785881945,283.5646757,267.022696,South-easternAsia,323.517605315291
Slovakia,5454147,48.6807249095292,51.3192750904708,0.135328072840865,113.43899750416,15.5277438408155,68.2998922670699,16.1723638921146,48080,19273.2539541229,2.48421706179257,28.3776893507965,58.6169736140775,94019674580.541,2.99000000953674,2.78999996185303,36.0900001525879,61.1199989318848,56.24,5.75,2749141,72.72,0.246206107531371,2.66456133425443,2.5103351235481,2.5103351235481,103263492419.278,2312686694.36621,115.338987748767,757.4682975,706.057777,EasternEurope,184.416533680084
Slovenia,2088385,49.7766343027748,50.2233656972252,0.696304046333357,103.711934605987,15.1056404769625,64.7080755142511,20.1862840087865,20136.4,25940.728030936,2.00582523537558,28.8877765505687,56.6057718263292,47402109554.5646,3.58999991416931,4.28000020980835,34.0999984741211,61.6100006103516,55.41,4.45,1028117,75.13,0.232541897875917,1.63052260754338,2.26007655967418,2.26007655967418,53306118486.0391,1709955186.21559,111.051074912815,512.4767859,433.6857229,SouthernEurope,159.027557774336
Solomon Islands,669821,50.8467187502333,49.1532812497667,2.56539282268413,23.9307252590211,40.1311988390963,56.2379912305191,3.63080993038459,27990,2344.23163406448,,,,,0.899999976158142,37.2599983215332,12.1300001144409,50.6100006103516,83.34,0.6,336210,85.34,16.4457102835198,1.63485544012242,1.2722462904225,1.2722462904225,1553885408.76502,32787092.7202953,133.062033185591,668.0057971,641.3043478,Melanesia,85.1488234377435
Somalia,15442906,49.8623510367803,50.1376489632197,2.85513551663708,24.616485478369,46.379505669432,50.7312905182024,2.88920381236561,627340,320.03814830565,,,,,1.0900000333786,80.2799987792969,2.41000008583069,17.3099994659424,41.63,12.79,3953141,49.42,,,6.46046036886543,6.46046036886543,4906627593.99531,447000000,,243.5233161,361.5265751,EasternAfrica,133.989590045889
South Africa,58558267,49.2830534073011,50.7169465926989,1.31629200967216,48.2719888878814,28.9683250546848,65.6164193375248,5.41525560779033,1213090,6001.4011214068,1.88454246284872,25.9992218678283,61.2047448397087,313085185902.937,5.67000007629395,5.28000020980835,22.3099994659424,72.4100036621094,40.12,28.47,23326430,60.13,3.94036867634569,4.12435072486239,4.02122070549441,4.02122070549441,341523075219.401,5116098443.48715,158.927937522187,300.2222396,362.1464607,SouthernAfrica,59.2045360593849
South Sudan,11062114,50.0494751726478,49.9505248273522,0.782197030861146,17.505335808579,41.5680530473699,55.0551418160346,3.37680513659551,631928.123,,,,,,1.33000004291534,60.3800010681152,16.3899993896484,23.2299995422363,63.59,12.01,4671395,73.79,,87.2413641500032,,,,-231840000,15749.1887552482,,,EasternAfrica,
Spain,47133521,49.1275757924454,50.8724242075546,0.714923607990018,94.34185905659,14.5768719690892,65.7753050830892,19.6478229478216,499603.479,29564.7448981723,2.61493671130135,20.4779670493874,67.6072405227624,1263897916313.72,4.82999992370605,4.03000020980835,20.4300003051758,75.5400009155273,49.56,14.1,23227683,74.17,0.0466825622385711,0.699536241717015,1.38848432870573,1.38848432870573,1395571627631.37,14813334469.5347,110.96151904206,290.1914832,238.7877842,SouthernEurope,66.7761646309525
Sri Lanka,21803000,47.9907271400028,52.0092728599972,0.611875945764341,352.434372171214,23.9564620322342,65.2047322108188,10.838805756947,61864,3851.56098951535,7.54058804862001,27.4036788951944,58.104730382763,78138439147.8575,2.76999998092651,24.9799995422363,27.8700008392334,47.1500015258789,50.26,4.27,8704381,57.52,0.0736733876675302,3.52839358231809,2.73561967069718,2.73561967069718,81557779050.6193,758186663.222055,155.528883036152,219.8826188,317.4070725,SouthernAsia,52.3819853655423
Saint Kitts and Nevis,52834,,,0.752340352327407,203.207692307692,,,,260,19773.4623748176,1.40212428032559,25.8210669616268,67.1328596953969,939574074.074074,,,,,,,,,0,-0.329562063663904,1.27236736618104,1.27236736618104,996819219.20607,92266666.6667,104.220830481643,193.1093584,172.4964286,Caribbean,
Saint Lucia,182795,49.2469706501819,50.7530293498181,0.496319759662675,299.66393442623,18.211061874282,71.7539252694349,10.0350128562832,610,11611.0978398185,2.01114131398807,9.96721871138232,75.1808369943849,1849910888.88889,4.80999994277954,9.97000026702881,14.6899995803833,75.3399963378906,61.16,15.59,108318,79.14,0.0110288466833208,0.53910008997241,0.992577344379853,0.992577344379853,2008001343.92105,30640740.7407,110.72579249654,127.9767442,168.4746479,Caribbean,
Saint Vincent and the Grenadines,110593,50.7238251968931,49.2761748031069,0.346915924257476,283.571794871795,22.1938890848095,68.06553997233,9.7405709428605,390,7457.23977574095,7.16428500857756,13.9603186721395,62.7576636697594,684429629.62963,5.07000017166138,10.0799999237061,19.8799991607666,70.0400009155273,54.81,18.62,57953,74.28,0.0214375006432042,0.913069725324485,1.15332053344439,1.15332053344439,817902037.037037,113066666.6667,110.666997682886,81.3,205.6668712,Caribbean,
Sudan,42813237,49.9564095095169,50.0435904904831,2.39143408960219,23.1518799666704,40.155706045873,56.2169766276496,3.62731732647738,1849233.715,753.282174142999,21.7655449536899,21.804563987164,36.2155595013547,25731235711.4398,3.07999992370605,38.3699989318848,16.8199996948242,44.810001373291,40.4,16.76,12434007,49.74,5.84158673578718,50.9940515002971,49.9691905661896,49.9691905661896,30629651927.2401,825354992.310273,1344.19276243483,219.9185808,592.473047,NorthernAfrica,26.2016298513098
Suriname,581363,50.2706570593588,49.7293429406412,0.929025561206018,3.7266858974359,26.9118567801683,66.0730134922219,7.01512972760986,156000,7261.16560953824,8.66499380618111,33.3567322046819,55.8120255375917,4129927594.52936,1.67999994754791,8.07999992370605,24.3299999237061,67.5899963378906,48.08,6.94,219507,56.83,7.72981945291182,,4.42266431352576,4.42266431352576,3804840439.79619,72402793.8697301,294.664772702354,557.8437311,342.5410917,SouthAmerica,105.412444811486
Sweden,10278887,50.0737466286437,49.9262533713563,1.01372226345511,25.2360290687683,17.6254902290956,62.175940147338,20.1985696235664,407310,51686.8513545938,1.38177372104589,22.2058509515204,65.2442566391705,471560514568.302,3.61999988555908,1.69000005722046,18.4200000762939,79.8899993896484,60.03,6.83,5455406,83.13,0.391693947962668,1.78415097403832,2.66865931594165,2.66865931594165,546753763143.481,16611719241.3589,110.509219846432,184.7446427,218.3808517,NorthernEurope,91.1604889331736
Switzerland,8575280,49.5923870502008,50.4076129497992,0.713313668444329,217.007629561978,14.9406758995806,66.2213280427499,18.8379960576695,39516.03,85300.3479700289,0.658829555797361,24.8354804581637,71.7299500273028,683153587079.57,5.57000017166138,2.58999991416931,20.3400001525879,77.0699996948242,65.08,4.39,4965077,84.21,0.00936799551354492,0.362886179940635,-0.0657922537473468,-0.0657922537473468,736487866971.9,37313310481.4208,99.546896373006,389.9801049,336.6783788,WesternEurope,119.702474659761
Syrian Arab Republic,17070132,50.1141408865497,49.8858591134503,0.735380569237513,92.9593857212874,31.058032054228,64.2501128432786,4.69185510249333,183630,,,,,,2.69000005722046,10.1300001144409,23.1900005340576,66.6900024414063,40.77,8.16,5224030,46.84,,,,,,,,45.32673708,128.4257318,WesternAsia,
Tajikistan,9321023,50.4016887416757,49.5983112583243,2.3904900507883,67.159182938252,37.0710795752138,59.8429592132533,3.0859612115329,138790,890.544402355733,20.8670733588001,33.0621490637064,37.0798560987387,7493609921.93402,0.00999999977648258,44.7200012207031,15.789999961853,39.4900016784668,37.04,6.66,2327478,41.47,2.79194851098236,,3.65868445681299,3.65868445681299,9631253672.45866,212809730.699297,,159.2356688,496.2962963,CentralAsia,56.0450159145896
United Republic of Tanzania,58005461,49.9618837612548,50.0381162387452,2.96038624624594,65.4836994806954,43.8438065738739,53.5356523229545,2.62054110317161,885800,1085.88486100047,26.5464151411818,28.6201952029444,36.7661688120833,56204827125.1019,2.80999994277954,65.0899963378906,6.46999979019165,28.4400005340576,81.78,1.96,27172946,84.52,2.04294414429168,3.46428057999023,2.473306264222,2.473306264222,61908444374.409,990626173.706952,187.430158933385,682.1121313,620.3889791,EasternAfrica,32.9591225617615
Thailand,69625581,48.6959613306494,51.3040386693506,0.283525943067606,136.282920002349,16.8235362111587,70.7702134540146,12.4062503348266,510890,7817.01152157855,8.13693736984476,33.601702914353,58.2613597158022,,2.53999996185303,31.4300003051758,22.8400001525879,45.7299995422363,66.26,0.72,38650533,74.17,1.63188502648908,0.70672860131428,0.946249006311021,0.946249006311021,524213723444.002,4816635831.57632,113.265649996346,357.1053834,381.5357038,South-easternAsia,109.631638842023
Timor-Leste,1293120,50.537227790151,49.4627722098491,1.96367631756303,86.9616677874916,37.2920821672251,58.4213827188372,4.2865351139377,14870,1560.50861482306,14.1853643810035,29.3727779462952,56.824037405951,2025637100,1.12000000476837,39.2799987792969,16.3199996948242,44.4000015258789,64.34,4.42,545809,67.49,45.3280050960065,0.958812739703201,8.96145130407761,8.96145130407761,2700960400,74580323.023,146.220845236294,,,South-easternAsia,83.6889816860875
Togo,8082359,49.7459466969977,50.2540533030023,2.42023592434892,148.600091928663,40.9983536998943,56.1142987090661,2.88734759103955,54390,893.352454121675,19.7552067611722,21.1667253278506,49.613919034329,6537046292.01363,1.60000002384186,32.3800010681152,19.2099990844727,48.4099998474121,56.69,3.6,2804487,58.49,3.22262369455611,0.685897590895539,1.5450926555589,1.5450926555589,7242517958.52954,345697546.971432,113.31044197518,311.6645109,380.3914825,WesternAfrica,54.3720696493022
Tonga,104497,50.0358861976899,49.9641138023101,1.24991997807739,145.134722222222,35.0728271479702,58.9852048921469,5.94196795988286,720,4903.01213835449,,,,,0.670000016689301,19.3700008392334,30.8700008392334,49.7599983215332,45.45,3.01,31793,49.26,0.0324255256753342,,7.6625778394986,7.6625778394986,537659404.023064,1742414.09548773,,230.4267775,342.5995665,Polynesia,87.6092013449047
Trinidad and Tobago,1394969,49.3904882474091,50.6095117525909,0.36828406936599,271.923781676413,20.2611806823501,68.6206112949857,11.1182080226642,5130,16637.1629387697,1.15941163336651,45.653706971344,55.8200083569369,23213389115.0822,5.3600001335144,3.02999997138977,26.6399993896484,70.3399963378906,58.06,3.46,668956,68.59,7.90580253999683,1.00054293027224,-0.996363590772745,-0.996363590772745,23034393453.0595,183972765.263861,143.17157812644,186.5933552,214.6311971,Caribbean,
Tunisia,11694721,49.5777539284605,50.4222460715395,1.11366949118351,75.2749806900103,24.226097266638,67.18043417717,8.5934685561919,155360,3351.57344330192,10.2686663088611,22.7330549312699,61.6997074578639,36196984051.2541,6.23000001907349,13.8000001907349,33.4599990844727,52.75,39.41,15.13,4115302,51.53,2.17096792245162,6.72007532863804,8.13149579243199,8.13149579243199,37478837241.0033,810173457.680643,155.325373517033,255.2625756,251.6064692,NorthernAfrica,107.914113795213
Turkey,83429607,49.3514358757557,50.6485641242443,1.31451369970442,108.40222834349,24.2908228690735,66.9828933047336,8.72628382619289,769630,9126.59439195453,6.42320838204059,27.1921170227955,56.4719716494379,685950069406.747,4.46999979019165,18.1100006103516,25.3199996948242,56.5699996948242,45.54,13.67,33318941,58.09,0.314588048985531,15.1768215720023,13.9062074269815,13.9062074269815,748585138661.92,9266000000,234.437126307922,651.0652485,385.9346723,WesternAsia,62.6828637376279
Turkmenistan,5942094,49.236649571683,50.763350428317,1.54657591124514,12.6446364352138,30.7582905607775,64.6492841154012,4.5924253238213,469930,7612.03518009452,10.7914850609564,42.020087170741,47.1884277683027,,3.1800000667572,20.6800003051758,39.8300018310547,39.4900016784668,55.7,3.74,2380596,61.2,,,4.37945563084239,4.37945563084239,43575785421.098,2165862500,,386.887071,163.0901456,CentralAsia,
Turks and Caicos Islands,38194,,,1.38940556506264,40.2042105263158,,,,950,31350.8666282662,0.360359607988876,11.8666460667354,75.4144553058046,983575000,,,,,,,,,0.00250156149492828,,2.12932491093834,2.12932491093834,1180656430.1373,26961666.6667,,33.80132168,238.3845419,Caribbean,
Uganda,44269587,49.2599264592191,50.7400735407809,3.54193220575762,220.773922800718,46.5000153378411,51.5374344747774,1.96255018738143,200520,794.451445432797,23.0515080580223,26.2998920810914,43.1739600272101,32541203757.2742,4.21000003814697,72.129997253418,6.51000022888184,21.3600006103516,68.84,1.72,16588429,70.94,6.12005619165083,2.86909425020554,2.16256917766006,2.16256917766006,34253967215.352,1266026787.77825,173.871268176331,861.9832522,489.4392226,EasternAfrica,39.5658874934212
Ukraine,44386203,46.3226539343423,53.6773460656577,-0.530994160113763,76.6071850189852,15.9397183747341,67.3552912355191,16.7049903897468,579400,3662.56308679667,8.96830308932376,22.6059200846303,54.4611188366245,132433773382.445,0.769999980926514,13.8199996948242,24.9599990844727,61.2200012207031,49.72,8.19,20207728,66.64,1.81954356799314,7.8867174561113,8.24695489710588,8.24695489710588,158544355712.384,5833000000,281.658595641646,343.564934,434.2719977,EasternEurope,90.4086491714719
United Arab Emirates,9770526,69.2573357872442,30.7426642127558,1.43867705802644,137.574288932695,14.7126117736307,84.130838770347,1.15654945602229,71020,43103.3362929869,0.73084017039957,46.1603691405382,53.1087906890622,,3.53999996185303,1.38999998569489,34.2200012207031,64.3899993896484,80.15,2.28,6834748,82.76,16.7566204895977,-1.93108114782171,-1.89992766443147,-1.89992766443147,423200811164.057,13787465940.0545,114.524660532343,633.9197912,765.3418275,WesternAsia,160.936092884701
United Kingdom,66836327,49.3874655503931,50.6125344496069,0.564131113399897,276.263080229819,17.6957005233157,63.7956038376446,18.5086956390397,241930,42354.4146545765,0.58828913687383,17.8321903771643,70.9013534663157,2526622445789.29,2.21000003814697,1.04999995231628,18.1200008392334,80.8300018310547,60.61,3.74,34639274,78.01,0.590432562521329,1.73810460086511,2.1479380502897,2.1479380502897,2778814970160.26,2236675458.26146,119.622711300166,164.9631833,200.4036681,NorthernEurope,63.3973415842008
United States of America,328329953,49.4815127922008,50.5184872077992,0.455381285963537,35.8931756713915,18.54931712456,65.2410767325889,16.2096061428511,9147420,65279.5290260953,0.916865221067299,18.1563709661696,77.3148575320047,,2.20000004768372,1.36000001430511,19.9099998474121,78.7399978637695,60.27,3.67,167329067,73.11,0.574733506857478,1.81221007526015,1.78515153743628,1.78515153743628,21690015000000,351631000000,117.244195476228,210.1449129,203.8787104,NorthernAmerica,26.3141551480558
Uruguay,3461731,48.2963292063999,51.7036707936001,0.360034022145695,19.779059536053,20.4580710129663,64.6006885566598,14.9412404303739,175020,17688.01500769,6.45267020344877,17.8543206702443,64.2596806531567,54230391386.8514,3.82999992370605,8.40999984741211,18.8299999237061,72.7600021362305,57.93,9.35,1759504,75.28,1.64542685414715,7.88198870879622,8.5229669262272,8.5229669262272,58184122361.3971,1305948251.87743,202.921983386144,334.7598379,237.917941,SouthAmerica,49.6070435797376
Uzbekistan,33580350,49.876472463606,50.123527536394,1.87647016682647,76.2228325634711,28.7978133096531,66.6069709653676,4.59521572497926,440555,1719.05721009222,25.5445081483616,32.6784909060731,32.904006105074,52604469622.0204,0.00999999977648258,25.7099990844727,23.0200004577637,51.2700004577637,58.25,5.65,14761999,65.19,8.79424014307989,,18.5691723582607,18.5691723582607,58464955682.9447,2316482962.28621,,497.828874,810.7695479,CentralAsia,72.2518318921421
Vanuatu,299882,50.6992750481856,49.3007249518144,2.43262855812858,24.6006562756358,38.7105594867314,57.6733515182639,3.6160889950047,12190,3102.34678986227,,,,,0.389999985694885,56.7799987792969,14.0799999237061,29.1399993896484,68.73,1.69,128492,70.55,0.499730783599032,2.76252019386107,2.57468837250015,2.57468837250015,984411964.351862,34774936.7469696,117.129669269253,184.6153846,333.3333333,Melanesia,91.4090312909874
Venezuela (Bolivarian Republic of),28515829,49.254145828971,50.745854171029,-1.29363805789461,32.3290391701151,27.4042252111976,64.9847844157012,7.6109903731012,882050,,,,,,1.39999997615814,7.8600001335144,15.3400001525879,76.8099975585938,53.8,7.16,11996396,62.51,,,,,,934000000,,51.25413821,35.9587985,SouthAmerica,
Viet Nam,96462108,49.9173748100135,50.0826251899865,0.954289022188918,311.097842422679,23.213827614338,69.2324994438749,7.55367294178711,310070,2715.27598010995,13.9564755916008,34.489663342249,41.6384644383594,235950714564.525,2,37.2200012207031,27.4400005340576,35.3400001525879,75.79,2.04,57307619,83.09,3.36612026608071,2.79582367452244,1.78859860160965,1.78859860160965,246721274076.705,16120000000,163.516947912918,1824.708757,1623.625495,South-easternAsia,210.400245273256
United States Virgin Islands,106669,47.5277063272741,52.4722936727259,-0.310759832621892,304.768571428571,19.4935837365411,60.6312991260112,19.8751171374476,350,,,,,,3.33999991416931,1.92999994754791,18.7399997711182,79.3399963378906,55.39,8.09,51757,71.91,,,,,,,,,,Caribbean,
West Bank and Gaza,4685306,50.7154382824824,49.2845617175176,2.51178246264674,778.290033222591,38.6496621445291,58.1769254549907,3.17341240048018,6020,3656.85827137011,7.05401698427058,18.4328946216476,61.1095222809117,14837000000,6.53000020980835,6.05000019073486,30.3700008392334,63.5900001525879,33.14,25.34,1275969,46.33,,1.58018333639459,3.84946930147241,3.84946930147241,20164700000,121633487.439639,112.516117965437,378.5350254,344.9361477,EasternAsia,68.9934922812035
Yemen,29161922,50.3817409565803,49.6182590434197,2.30059414962983,55.2340511771502,39.2233749202127,57.8744844046973,2.90214067508993,527970,,,,,,7.01999998092651,27.5499992370605,10.1999998092651,62.25,33.39,12.9,6793468,39.39,5.44376262891866,,,,,-370982777.7778,,35.16372813,447.7875752,WesternAsia,
Zambia,17861034,49.5112097093595,50.4887902906405,2.89301773705047,24.0264652470439,44.4625086011277,53.4221766605845,2.11531473828777,743390,1305.00221354087,2.86071845804113,34.9420367516617,54.6036099304707,21538712179.9845,0.230000004172325,49.6399993896484,10.5299997329712,39.8300018310547,65.62,11.91,7390080,75.13,6.43414035043852,9.15031644316299,7.63286660530491,7.63286660530491,22908107059.7362,547967909.612402,212.308758955396,789.7257869,813.6628604,EasternAfrica,68.7910427393667
Zimbabwe,14645473,47.6826730007286,52.3173269992714,1.42114188586135,37.8582732325191,42.1581270055692,54.861264931923,2.9806080625078,386850,1156.15486360139,,,,,0.400000005960464,66.1900024414063,6.57000017166138,27.2399997711182,78.91,5.02,7037039,83.98,2.50321487447856,,349.999999999999,349.999999999999,16635265144.523,280000000,,221.7667532,187.8690284,EasternAfrica,
